rank,descriptor,mean_abs_shap,spearman_value_vs_shap,κατεύθυνση,type,cumulative_%
1,SsCl,0.01854,0.633786,↑ τιμή → High,2D,0.434639
2,SssssC,0.016304,-0.711598,↑ τιμή → Low,2D,0.816856
3,SMR_VSA4,0.01627,0.936028,↑ τιμή → High,2D,1.19828
4,BCUTm-1l,0.015639,-0.919323,↑ τιμή → Low,2D,1.564905
5,BCUTv-1l,0.015173,-0.795843,↑ τιμή → Low,2D,1.920599
6,BCUTpe-1h,0.014426,0.834616,↑ τιμή → High,2D,2.258778
7,BCUTp-1l,0.013902,0.914153,↑ τιμή → High,2D,2.584687
8,MAXsCl,0.012952,0.634212,↑ τιμή → High,2D,2.888325
9,JGI6,0.012752,-0.983086,↑ τιμή → Low,2D,3.187274
10,BCUTare-1h,0.011998,0.413517,↑ τιμή → High,2D,3.468531
11,PEOE_VSA5,0.011761,0.653091,↑ τιμή → High,2D,3.744238
12,PEOE_VSA13,0.011339,0.707136,↑ τιμή → High,2D,4.010059
13,AATSC8c,0.011152,0.950736,↑ τιμή → High,2D,4.271488
14,C2SP3,0.010727,-0.957415,↑ τιμή → Low,2D,4.522953
15,GATS8se,0.010489,0.978816,↑ τιμή → High,2D,4.768838
16,n6ARing,0.010414,0.894127,↑ τιμή → High,2D,5.012968
17,ATSC5c,0.010281,0.982839,↑ τιμή → High,2D,5.253977
18,C3SP3,0.010145,0.858924,↑ τιμή → High,2D,5.491799
19,BCUTare-1l,0.009988,0.936347,↑ τιμή → High,2D,5.725938
20,MAXaaCH,0.009841,-0.957908,↑ τιμή → Low,2D,5.956627
21,SlogP_VSA7,0.009822,-0.595384,↑ τιμή → Low,2D,6.186891
22,Mor28se,0.00958,-0.976975,↑ τιμή → Low,3D,6.411473
23,Mor24m,0.009503,0.976334,↑ τιμή → High,3D,6.634255
24,BCUTi-1h,0.009353,-0.634817,↑ τιμή → Low,2D,6.853519
25,SlogP_VSA3,0.008943,-0.968711,↑ τιμή → Low,2D,7.063159
26,Xc-5dv,0.008805,-0.919691,↑ τιμή → Low,2D,7.269578
27,AATSC1pe,0.008748,0.954423,↑ τιμή → High,2D,7.474666
28,AATSC1Z,0.008747,0.946466,↑ τιμή → High,2D,7.679717
29,NssO,0.008729,0.908851,↑ τιμή → High,2D,7.884354
30,MOMI-Y,0.008639,0.900262,↑ τιμή → High,3D,8.086874
31,BCUTdv-1h,0.008629,0.246219,↑ τιμή → High,2D,8.289172
32,AXp-6d,0.008133,0.976452,↑ τιμή → High,2D,8.479833
33,GATS4d,0.008108,0.976853,↑ τιμή → High,2D,8.66991
34,AATSC0m,0.008056,0.908175,↑ τιμή → High,2D,8.858764
35,GATS8i,0.008037,0.957042,↑ τιμή → High,2D,9.047182
36,AATSC4s,0.008029,0.955993,↑ τιμή → High,2D,9.235409
37,VR2_A,0.007912,-0.817076,↑ τιμή → Low,2D,9.420896
38,SpMax_Dzi,0.007912,-0.933947,↑ τιμή → Low,2D,9.606372
39,PEOE_VSA9,0.007833,-0.9651,↑ τιμή → Low,2D,9.79001
40,MOMI-X,0.007832,0.87894,↑ τιμή → High,3D,9.973607
41,ATS6dv,0.007717,0.968615,↑ τιμή → High,2D,10.154504
42,GATS8p,0.007617,0.957022,↑ τιμή → High,2D,10.333077
43,Mor09v,0.007608,-0.972667,↑ τιμή → Low,3D,10.511438
44,BCUTpe-1l,0.007559,0.910129,↑ τιμή → High,2D,10.688644
45,Mor28m,0.007558,0.973415,↑ τιμή → High,3D,10.865832
46,nBase,0.007527,-0.930851,↑ τιμή → Low,2D,11.042288
47,MATS8Z,0.007501,0.977597,↑ τιμή → High,2D,11.218134
48,SssO,0.007313,0.908148,↑ τιμή → High,2D,11.389566
49,AATSC1se,0.007291,0.931904,↑ τιμή → High,2D,11.56048
50,Xp-2dv,0.007252,-0.972112,↑ τιμή → Low,2D,11.730493
51,AATS7i,0.007252,0.976401,↑ τιμή → High,2D,11.900504
52,MDEO-12,0.007113,-0.862997,↑ τιμή → Low,2D,12.067241
53,AATSC0i,0.007009,0.902956,↑ τιμή → High,2D,12.231552
54,MAXsF,0.007002,0.536684,↑ τιμή → High,2D,12.395707
55,Mor08,0.00698,0.974566,↑ τιμή → High,3D,12.559336
56,ATSC8c,0.006939,-0.970696,↑ τιμή → Low,2D,12.722004
57,AATS1s,0.006886,-0.972598,↑ τιμή → Low,2D,12.883434
58,ATSC7se,0.006874,-0.961586,↑ τιμή → Low,2D,13.044583
59,BCUTZ-1l,0.006811,-0.868772,↑ τιμή → Low,2D,13.204241
60,nAromBond,0.006799,-0.946481,↑ τιμή → Low,2D,13.363625
61,ATSC7i,0.006784,-0.977292,↑ τιμή → Low,2D,13.52266
62,Mor21v,0.006778,0.976186,↑ τιμή → High,3D,13.681547
63,ATS5se,0.006713,0.942865,↑ τιμή → High,2D,13.838926
64,AATSC3dv,0.006692,-0.972531,↑ τιμή → Low,2D,13.995808
65,ATSC5v,0.006684,0.979193,↑ τιμή → High,2D,14.152508
66,ATS3i,0.006671,-0.961527,↑ τιμή → Low,2D,14.308889
67,PBF,0.006669,0.97328,↑ τιμή → High,3D,14.465227
68,WNSA2,0.006593,-0.906349,↑ τιμή → Low,3D,14.619777
69,C1SP3,0.006588,0.976577,↑ τιμή → High,2D,14.774207
70,Mi,0.006509,0.975805,↑ τιμή → High,2D,14.926804
71,MPC10,0.006499,0.909658,↑ τιμή → High,2D,15.079154
72,Mor08p,0.006466,0.972051,↑ τιμή → High,3D,15.230727
73,ETA_eta_R,0.006464,0.959539,↑ τιμή → High,2D,15.382262
74,TIC4,0.006446,-0.952959,↑ τιμή → Low,2D,15.533365
75,MATS7m,0.006417,0.967996,↑ τιμή → High,2D,15.683808
76,AATSC7s,0.006408,-0.900833,↑ τιμή → Low,2D,15.83404
77,SpAbs_Dzare,0.006385,-0.948182,↑ τιμή → Low,2D,15.983733
78,AATSC8se,0.006377,-0.910301,↑ τιμή → Low,2D,16.133239
79,Mor17m,0.006369,0.973923,↑ τιμή → High,3D,16.282552
80,Mor23p,0.006345,0.972478,↑ τιμή → High,3D,16.431302
81,Xc-6dv,0.006335,-0.698072,↑ τιμή → Low,2D,16.579809
82,AATSC6i,0.006325,0.975291,↑ τιμή → High,2D,16.728075
83,ATSC7p,0.006323,-0.971684,↑ τιμή → Low,2D,16.87631
84,GATS1m,0.00632,-0.967632,↑ τιμή → Low,2D,17.024458
85,EState_VSA6,0.006306,0.950168,↑ τιμή → High,2D,17.172285
86,SMR_VSA2,0.00626,0.578909,↑ τιμή → High,2D,17.319042
87,Mor14p,0.00626,0.951233,↑ τιμή → High,3D,17.46579
88,MATS2i,0.006252,-0.961072,↑ τιμή → Low,2D,17.612354
89,ATS7se,0.006246,0.9325,↑ τιμή → High,2D,17.758773
90,AATSC7c,0.006227,-0.954668,↑ τιμή → Low,2D,17.904753
91,AATSC4dv,0.006182,-0.970459,↑ τιμή → Low,2D,18.049681
92,Mor25se,0.006145,0.966548,↑ τιμή → High,3D,18.193729
93,IC5,0.006125,-0.973255,↑ τιμή → Low,2D,18.337314
94,EState_VSA1,0.006117,0.947401,↑ τιμή → High,2D,18.480709
95,AETA_beta,0.006108,-0.972226,↑ τιμή → Low,2D,18.623898
96,Mor04,0.006105,0.964377,↑ τιμή → High,3D,18.767017
97,Mor12m,0.006074,0.972494,↑ τιμή → High,3D,18.909416
98,MATS8p,0.006071,0.969295,↑ τιμή → High,2D,19.051729
99,ATSC8s,0.00607,-0.907831,↑ τιμή → Low,2D,19.194019
100,ATSC3s,0.006053,0.969912,↑ τιμή → High,2D,19.335924
101,AXp-7dv,0.005992,0.96356,↑ τιμή → High,2D,19.4764
102,Mor27se,0.005969,0.96762,↑ τιμή → High,3D,19.616333
103,AATSC4d,0.005954,-0.957536,↑ τιμή → Low,2D,19.755908
104,Mor27,0.005954,0.973859,↑ τιμή → High,3D,19.895478
105,Mor06,0.00594,-0.961685,↑ τιμή → Low,3D,20.034729
106,ATSC8v,0.005915,0.960117,↑ τιμή → High,2D,20.173389
107,AMID_N,0.005908,0.956505,↑ τιμή → High,2D,20.31189
108,AATSC2m,0.005899,0.975239,↑ τιμή → High,2D,20.450171
109,SlogP_VSA1,0.005896,0.948631,↑ τιμή → High,2D,20.58838
110,SM1_Dzp,0.005868,0.967142,↑ τιμή → High,2D,20.72594
111,BCUTc-1h,0.005849,0.966501,↑ τιμή → High,2D,20.863067
112,MWC02,0.005848,-0.961692,↑ τιμή → Low,2D,21.00016
113,GATS6i,0.005835,-0.973993,↑ τιμή → Low,2D,21.136939
114,BCUTi-1l,0.005771,-0.477926,↑ τιμή → Low,2D,21.272238
115,MATS8dv,0.005771,0.958325,↑ τιμή → High,2D,21.40752
116,ATS7m,0.005753,0.965506,↑ τιμή → High,2D,21.542392
117,MATS1are,0.005697,-0.97625,↑ τιμή → Low,2D,21.67594
118,ATSC7are,0.005693,0.955969,↑ τιμή → High,2D,21.809401
119,MATS2dv,0.005674,-0.969433,↑ τιμή → Low,2D,21.942412
120,MATS1s,0.005642,-0.970473,↑ τιμή → Low,2D,22.07468
121,BCUTse-1l,0.005619,0.757661,↑ τιμή → High,2D,22.206411
122,MIC1,0.005581,0.968957,↑ τιμή → High,2D,22.337254
123,IC3,0.005576,0.971556,↑ τιμή → High,2D,22.467964
124,nG12FARing,0.005557,-0.666124,↑ τιμή → Low,2D,22.598246
125,SaaaC,0.005554,-0.653554,↑ τιμή → Low,2D,22.728449
126,WPath,0.005541,0.90366,↑ τιμή → High,2D,22.858354
127,ATSC4d,0.005529,-0.966137,↑ τιμή → Low,2D,22.987975
128,ATSC5pe,0.005526,0.952301,↑ τιμή → High,2D,23.117516
129,AATS2s,0.005498,-0.954936,↑ τιμή → Low,2D,23.24641
130,NdssC,0.005496,0.949687,↑ τιμή → High,2D,23.375242
131,EState_VSA2,0.00549,-0.949215,↑ τιμή → Low,2D,23.503936
132,NaaaC,0.00548,-0.66448,↑ τιμή → Low,2D,23.632405
133,MATS6c,0.005429,0.969833,↑ τιμή → High,2D,23.759678
134,AATSC1p,0.005422,0.969811,↑ τιμή → High,2D,23.886787
135,GATS7s,0.005398,0.977669,↑ τιμή → High,2D,24.013342
136,Mor22m,0.005394,-0.965017,↑ τιμή → Low,3D,24.139789
137,GATS2are,0.005391,-0.970849,↑ τιμή → Low,2D,24.266158
138,Mor05,0.005389,0.952539,↑ τιμή → High,3D,24.39249
139,AATSC8i,0.005351,-0.967875,↑ τιμή → Low,2D,24.517925
140,PEOE_VSA12,0.005307,0.854781,↑ τιμή → High,2D,24.642334
141,ATSC6d,0.005304,-0.953112,↑ τιμή → Low,2D,24.76668
142,MATS3are,0.005304,0.975016,↑ τιμή → High,2D,24.891026
143,n6aRing,0.005276,-0.913708,↑ τιμή → Low,2D,25.014713
144,SIC1,0.005253,0.967058,↑ τιμή → High,2D,25.137868
145,AATS3i,0.005248,0.962373,↑ τιμή → High,2D,25.260884
146,MID,0.005247,0.952779,↑ τιμή → High,2D,25.383878
147,MINsF,0.005245,-0.447452,↑ τιμή → Low,2D,25.506825
148,IC4,0.005202,-0.974183,↑ τιμή → Low,2D,25.628763
149,AATSC1m,0.00519,0.849653,↑ τιμή → High,2D,25.750434
150,WPol,0.005189,-0.967564,↑ τιμή → Low,2D,25.872069
151,ATS8pe,0.005175,0.94465,↑ τιμή → High,2D,25.993394
152,AATS6se,0.005174,0.969616,↑ τιμή → High,2D,26.114682
153,AATS7v,0.005171,0.970479,↑ τιμή → High,2D,26.235897
154,AATS0i,0.005167,0.976684,↑ τιμή → High,2D,26.357016
155,MATS4Z,0.005155,-0.971008,↑ τιμή → Low,2D,26.477857
156,SdssC,0.005142,0.90583,↑ τιμή → High,2D,26.598388
157,AATSC5s,0.005132,-0.962216,↑ τιμή → Low,2D,26.718705
158,Mor30v,0.005122,-0.951257,↑ τιμή → Low,3D,26.838784
159,AATSC0p,0.005116,-0.835242,↑ τιμή → Low,2D,26.958726
160,NaaN,0.005104,0.771153,↑ τιμή → High,2D,27.078385
161,AATS2m,0.005102,-0.95299,↑ τιμή → Low,2D,27.197982
162,CIC1,0.005095,-0.944894,↑ τιμή → Low,2D,27.317417
163,Xpc-5dv,0.005095,-0.95049,↑ τιμή → Low,2D,27.436847
164,MATS4v,0.005091,-0.958023,↑ τιμή → Low,2D,27.556187
165,GATS8dv,0.005085,-0.913687,↑ τιμή → Low,2D,27.675383
166,ATSC6p,0.00508,0.977003,↑ τιμή → High,2D,27.794479
167,Mor27v,0.00508,0.969998,↑ τιμή → High,3D,27.913574
168,VR3_Dzare,0.005078,0.931903,↑ τιμή → High,2D,28.032616
169,MATS3dv,0.005075,-0.967059,↑ τιμή → Low,2D,28.151581
170,MDEO-11,0.005068,-0.919018,↑ τιμή → Low,2D,28.270377
171,SdNH,0.005064,-0.372053,↑ τιμή → Low,2D,28.389094
172,SpAbs_Dzpe,0.005062,-0.956987,↑ τιμή → Low,2D,28.507765
173,GGI10,0.005047,-0.880228,↑ τιμή → Low,2D,28.626086
174,AATS4i,0.005044,0.969437,↑ τιμή → High,2D,28.74433
175,AATSC4se,0.005042,0.948946,↑ τιμή → High,2D,28.862523
176,GATS5d,0.005031,0.966354,↑ τιμή → High,2D,28.980462
177,GATS2m,0.005024,-0.969538,↑ τιμή → Low,2D,29.09823
178,Mor08se,0.004994,0.968435,↑ τιμή → High,3D,29.215294
179,n6Ring,0.004986,0.957404,↑ τιμή → High,2D,29.332176
180,Mor11se,0.004981,0.946064,↑ τιμή → High,3D,29.448944
181,ATSC7s,0.004975,-0.863557,↑ τιμή → Low,2D,29.565573
182,Mor21m,0.004968,0.965896,↑ τιμή → High,3D,29.68204
183,GATS4dv,0.004959,0.951741,↑ τιμή → High,2D,29.79829
184,nG12FHRing,0.004948,-0.593305,↑ τιμή → Low,2D,29.914293
185,SlogP_VSA4,0.004911,0.929427,↑ τιμή → High,2D,30.029413
186,nG12FRing,0.004908,-0.680122,↑ τιμή → Low,2D,30.144459
187,TopoShapeIndex,0.004899,-0.915121,↑ τιμή → Low,2D,30.259295
188,MATS1dv,0.004881,-0.963928,↑ τιμή → Low,2D,30.373718
189,ETA_shape_y,0.004864,-0.97205,↑ τιμή → Low,2D,30.487742
190,AATS1p,0.004857,-0.962856,↑ τιμή → Low,2D,30.601601
191,AATSC4i,0.004848,0.975255,↑ τιμή → High,2D,30.715241
192,nBondsM,0.004848,0.955044,↑ τιμή → High,2D,30.828881
193,SpMax_D,0.004844,-0.901454,↑ τιμή → Low,2D,30.942435
194,NssNH,0.004842,-0.750004,↑ τιμή → Low,2D,31.055942
195,ATSC0m,0.004836,0.957426,↑ τιμή → High,2D,31.169307
196,AATS4p,0.004835,0.972611,↑ τιμή → High,2D,31.282649
197,MATS7i,0.004822,-0.964076,↑ τιμή → Low,2D,31.395686
198,AATS6m,0.004818,0.972791,↑ τιμή → High,2D,31.508631
199,GATS8m,0.004808,-0.960533,↑ τιμή → Low,2D,31.621338
200,ATS0s,0.00479,-0.958471,↑ τιμή → Low,2D,31.733639
201,AATSC7se,0.004781,-0.821561,↑ τιμή → Low,2D,31.84573
202,SdsCH,0.004774,0.608158,↑ τιμή → High,2D,31.95765
203,ATSC4se,0.004768,0.937332,↑ τιμή → High,2D,32.06943
204,GATS3v,0.00476,-0.961223,↑ τιμή → Low,2D,32.181023
205,SddssS,0.004758,-0.459441,↑ τιμή → Low,2D,32.292564
206,MID_C,0.004747,0.967381,↑ τιμή → High,2D,32.403858
207,SpDiam_Dzare,0.004747,-0.932157,↑ τιμή → Low,2D,32.515129
208,AATSC3d,0.00474,-0.965235,↑ τιμή → Low,2D,32.626258
209,ATSC2s,0.004726,0.9511,↑ τιμή → High,2D,32.737041
210,Mor30p,0.004724,-0.963153,↑ τιμή → Low,3D,32.847777
211,MATS5p,0.004698,0.94367,↑ τιμή → High,2D,32.957904
212,VSA_EState1,0.004697,0.900815,↑ τιμή → High,2D,33.068004
213,Mor05se,0.004673,0.940668,↑ τιμή → High,3D,33.177562
214,TIC3,0.00467,-0.950766,↑ τιμή → Low,2D,33.287048
215,ATS7pe,0.004668,0.889403,↑ τιμή → High,2D,33.396473
216,GeomRadius,0.004657,0.959477,↑ τιμή → High,3D,33.505641
217,Mor31m,0.004641,-0.966042,↑ τιμή → Low,3D,33.614428
218,nC,0.00464,-0.965526,↑ τιμή → Low,2D,33.723207
219,SsF,0.004616,0.450043,↑ τιμή → High,2D,33.831412
220,GATS5are,0.004594,-0.968488,↑ τιμή → Low,2D,33.939105
221,GATS1Z,0.004589,-0.971264,↑ τιμή → Low,2D,34.046687
222,IC1,0.00458,0.96285,↑ τιμή → High,2D,34.154054
223,ATSC8Z,0.004577,0.970129,↑ τιμή → High,2D,34.261357
224,MID_X,0.004574,0.767784,↑ τιμή → High,2D,34.368593
225,AATS0p,0.004568,-0.944295,↑ τιμή → Low,2D,34.47569
226,MATS5are,0.004565,-0.95557,↑ τιμή → Low,2D,34.582702
227,ATS6s,0.004562,0.952097,↑ τιμή → High,2D,34.689657
228,ATS4p,0.004558,-0.952557,↑ τιμή → Low,2D,34.796512
229,VR3_Dzi,0.004553,0.965938,↑ τιμή → High,2D,34.903245
230,MATS7d,0.004551,0.969574,↑ τιμή → High,2D,35.009929
231,Kier3,0.004532,-0.948,↑ τιμή → Low,2D,35.116177
232,SMR,0.004498,0.968833,↑ τιμή → High,2D,35.221629
233,AXp-4dv,0.004493,-0.963914,↑ τιμή → Low,2D,35.326957
234,AATSC8pe,0.004486,-0.890211,↑ τιμή → Low,2D,35.43213
235,AATSC0are,0.004475,0.975209,↑ τιμή → High,2D,35.537031
236,GATS4s,0.004468,-0.94633,↑ τιμή → Low,2D,35.641782
237,naRing,0.004451,-0.919784,↑ τιμή → Low,2D,35.746121
238,VE3_Dzv,0.00445,0.965972,↑ τιμή → High,2D,35.850452
239,VR1_Dzp,0.00445,-0.943447,↑ τιμή → Low,2D,35.954776
240,AATSC3p,0.00445,-0.964225,↑ τιμή → Low,2D,36.059092
241,GGI4,0.004434,0.966947,↑ τιμή → High,2D,36.163037
242,VE1_Dzare,0.004434,-0.953236,↑ τιμή → Low,2D,36.266978
243,ATS7are,0.004431,-0.957533,↑ τιμή → Low,2D,36.370859
244,MATS7p,0.004424,0.87419,↑ τιμή → High,2D,36.474563
245,AATSC7m,0.004423,-0.939353,↑ τιμή → Low,2D,36.578262
246,SpMax_Dzm,0.004414,-0.890174,↑ τιμή → Low,2D,36.681727
247,VR2_Dzi,0.004413,-0.937018,↑ τιμή → Low,2D,36.785175
248,ATS4are,0.004405,-0.932973,↑ τιμή → Low,2D,36.888438
249,ATS1v,0.004403,-0.968804,↑ τιμή → Low,2D,36.991651
250,MATS8d,0.004395,0.959727,↑ τιμή → High,2D,37.094689
251,VSA_EState8,0.00439,0.937468,↑ τιμή → High,2D,37.197605
252,DPSA3,0.004388,-0.959897,↑ τιμή → Low,3D,37.300468
253,ATSC5se,0.004383,0.956986,↑ τιμή → High,2D,37.403221
254,MATS4i,0.004343,0.963334,↑ τιμή → High,2D,37.505034
255,Xp-4dv,0.004316,0.956196,↑ τιμή → High,2D,37.606202
256,GATS6m,0.004315,0.953812,↑ τιμή → High,2D,37.707348
257,AATSC5c,0.004314,-0.925485,↑ τιμή → Low,2D,37.80847
258,AATS8v,0.004305,0.963735,↑ τιμή → High,2D,37.909402
259,AXp-5dv,0.004304,0.954965,↑ τιμή → High,2D,38.010289
260,Mor14,0.004297,0.944183,↑ τιμή → High,3D,38.111021
261,SpMAD_Dzm,0.004289,-0.939888,↑ τιμή → Low,2D,38.211556
262,MDEC-11,0.004288,-0.751191,↑ τιμή → Low,2D,38.312086
263,PEOE_VSA4,0.004287,-0.221883,↑ τιμή → Low,2D,38.412587
264,piPC10,0.004277,0.939784,↑ τιμή → High,2D,38.512844
265,ATSC5d,0.004258,0.957843,↑ τιμή → High,2D,38.612664
266,ATSC1pe,0.004256,0.937654,↑ τιμή → High,2D,38.71243
267,ATS0pe,0.004238,-0.954566,↑ τιμή → Low,2D,38.811786
268,TMPC10,0.004238,-0.906918,↑ τιμή → Low,2D,38.911128
269,ATSC8dv,0.004231,0.944288,↑ τιμή → High,2D,39.010304
270,MATS2Z,0.0042,0.951727,↑ τιμή → High,2D,39.108756
271,nHetero,0.004194,-0.949184,↑ τιμή → Low,2D,39.207085
272,GATS2pe,0.004194,-0.956911,↑ τιμή → Low,2D,39.305394
273,ATSC6are,0.004189,-0.954113,↑ τιμή → Low,2D,39.403591
274,ATS4pe,0.004182,-0.959266,↑ τιμή → Low,2D,39.501622
275,MATS1c,0.004181,-0.959892,↑ τιμή → Low,2D,39.599635
276,AATSC1s,0.004177,0.868021,↑ τιμή → High,2D,39.697566
277,AATSC7v,0.004176,0.951026,↑ τιμή → High,2D,39.795474
278,JGI9,0.004166,0.965983,↑ τιμή → High,2D,39.893125
279,SM1_Dzi,0.004164,-0.966065,↑ τιμή → Low,2D,39.990737
280,TIC5,0.00416,-0.92209,↑ τιμή → Low,2D,40.088269
281,AMID_O,0.004157,-0.968487,↑ τιμή → Low,2D,40.185732
282,MDEC-12,0.004151,-0.958605,↑ τιμή → Low,2D,40.283044
283,Mor08v,0.004139,0.936967,↑ τιμή → High,3D,40.380067
284,AATSC5dv,0.004135,0.963611,↑ τιμή → High,2D,40.477004
285,piPC8,0.00413,-0.952807,↑ τιμή → Low,2D,40.573824
286,VSA_EState4,0.00413,0.92354,↑ τιμή → High,2D,40.670632
287,AATS2pe,0.004094,-0.958464,↑ τιμή → Low,2D,40.766601
288,MATS7are,0.004092,-0.892283,↑ τιμή → Low,2D,40.862521
289,SssNH,0.004081,-0.551609,↑ τιμή → Low,2D,40.958185
290,Mv,0.004072,0.940598,↑ τιμή → High,2D,41.053651
291,GATS6c,0.004072,-0.928494,↑ τιμή → Low,2D,41.149112
292,MINsCl,0.004059,0.276174,↑ τιμή → High,2D,41.244271
293,MAXaasC,0.004058,-0.971389,↑ τιμή → Low,2D,41.339399
294,SdsN,0.00405,0.778064,↑ τιμή → High,2D,41.434332
295,MATS3d,0.004048,-0.96579,↑ τιμή → Low,2D,41.529237
296,GGI9,0.004038,-0.940727,↑ τιμή → Low,2D,41.623899
297,ATS5m,0.004035,0.930707,↑ τιμή → High,2D,41.718482
298,SpAD_Dzi,0.004031,-0.948715,↑ τιμή → Low,2D,41.812988
299,GGI3,0.004031,0.921975,↑ τιμή → High,2D,41.907488
300,NsOH,0.004027,-0.943738,↑ τιμή → Low,2D,42.0019
301,ATS5pe,0.004007,0.91699,↑ τιμή → High,2D,42.095846
302,AATSC7are,0.004004,0.82717,↑ τιμή → High,2D,42.189713
303,Mor19p,0.003997,-0.945729,↑ τιμή → Low,3D,42.283421
304,Mor21,0.003995,-0.956343,↑ τιμή → Low,3D,42.377077
305,MPC7,0.003992,0.927133,↑ τιμή → High,2D,42.470649
306,SpMax_Dt,0.003988,-0.924215,↑ τιμή → Low,2D,42.56414
307,Mor29m,0.003986,-0.945771,↑ τιμή → Low,3D,42.657572
308,ATSC4Z,0.003985,-0.95338,↑ τιμή → Low,2D,42.750983
309,SpAbs_Dt,0.003975,-0.948826,↑ τιμή → Low,2D,42.844178
310,VR1_A,0.003972,0.080269,μη μονοτονική,2D,42.937303
311,ATSC3p,0.003964,-0.962291,↑ τιμή → Low,2D,43.030242
312,Zagreb1,0.003958,-0.91775,↑ τιμή → Low,2D,43.123024
313,Xch-6dv,0.003957,0.884256,↑ τιμή → High,2D,43.215797
314,nHBAcc,0.003957,-0.941109,↑ τιμή → Low,2D,43.308549
315,SpMAD_Dzse,0.003948,-0.938705,↑ τιμή → Low,2D,43.401112
316,nO,0.003941,-0.941461,↑ τιμή → Low,2D,43.493502
317,EState_VSA8,0.003934,-0.788254,↑ τιμή → Low,2D,43.585731
318,MATS5Z,0.00393,0.962205,↑ τιμή → High,2D,43.677855
319,SRW10,0.003913,-0.947226,↑ τιμή → Low,2D,43.769594
320,AATS0m,0.00391,0.833843,↑ τιμή → High,2D,43.861253
321,nAromAtom,0.003906,-0.929211,↑ τιμή → Low,2D,43.952822
322,GRAVp,0.003901,-0.954975,↑ τιμή → Low,3D,44.044268
323,Mor03se,0.0039,0.950237,↑ τιμή → High,3D,44.135692
324,NdsN,0.003898,0.77737,↑ τιμή → High,2D,44.227073
325,AATS1are,0.003897,-0.966007,↑ τιμή → Low,2D,44.318437
326,MATS6se,0.003897,-0.952036,↑ τιμή → Low,2D,44.409787
327,MATS3m,0.003895,0.962169,↑ τιμή → High,2D,44.501093
328,WPSA2,0.003887,-0.876333,↑ τιμή → Low,3D,44.592219
329,Xc-3d,0.003886,-0.934628,↑ τιμή → Low,2D,44.683308
330,AATSC6pe,0.003881,-0.930637,↑ τιμή → Low,2D,44.774287
331,MATS7c,0.003873,0.947985,↑ τιμή → High,2D,44.865074
332,FNSA1,0.003872,-0.953191,↑ τιμή → Low,3D,44.955851
333,MATS2m,0.003863,0.962627,↑ τιμή → High,2D,45.046414
334,BCUTse-1h,0.003853,0.260313,↑ τιμή → High,2D,45.136732
335,MATS3i,0.003839,-0.957447,↑ τιμή → Low,2D,45.22673
336,Radius,0.003838,0.958321,↑ τιμή → High,2D,45.316696
337,ATS5v,0.003838,-0.941188,↑ τιμή → Low,2D,45.406661
338,AATSC2pe,0.003836,0.934515,↑ τιμή → High,2D,45.496591
339,ATSC0d,0.003835,0.920759,↑ τιμή → High,2D,45.586487
340,ATSC6pe,0.003831,0.96968,↑ τιμή → High,2D,45.676307
341,AATS4se,0.003828,-0.955872,↑ τιμή → Low,2D,45.766055
342,Mor32p,0.003827,0.933176,↑ τιμή → High,3D,45.855777
343,SpAD_D,0.003787,0.944721,↑ τιμή → High,2D,45.944554
344,ATS8i,0.003786,0.829523,↑ τιμή → High,2D,46.03331
345,BCUTs-1h,0.003778,0.722088,↑ τιμή → High,2D,46.121882
346,SsssCH,0.003775,0.292502,↑ τιμή → High,2D,46.210384
347,ETA_beta_ns,0.00377,-0.961887,↑ τιμή → Low,2D,46.298773
348,Mor25m,0.003769,0.963424,↑ τιμή → High,3D,46.387126
349,Mor09m,0.003766,0.95079,↑ τιμή → High,3D,46.475403
350,AATS3d,0.00376,-0.946566,↑ τιμή → Low,2D,46.563548
351,GATS7dv,0.003751,-0.95567,↑ τιμή → Low,2D,46.651491
352,AXp-6dv,0.003748,0.94385,↑ τιμή → High,2D,46.739344
353,SpDiam_Dzv,0.003744,-0.924854,↑ τιμή → Low,2D,46.827106
354,MATS8se,0.003741,-0.902726,↑ τιμή → Low,2D,46.914807
355,n5aHRing,0.00374,-0.723453,↑ τιμή → Low,2D,47.002475
356,AATSC7Z,0.003725,-0.88256,↑ τιμή → Low,2D,47.089803
357,MATS7pe,0.003718,0.932354,↑ τιμή → High,2D,47.176968
358,AATSC2s,0.003716,-0.822038,↑ τιμή → Low,2D,47.264078
359,AATSC6p,0.003715,-0.971799,↑ τιμή → Low,2D,47.35116
360,ETA_beta_ns_d,0.003714,0.93712,↑ τιμή → High,2D,47.438221
361,Mor16,0.003697,-0.954209,↑ τιμή → Low,3D,47.5249
362,AATS8m,0.003678,0.938932,↑ τιμή → High,2D,47.611126
363,Mor32,0.003667,-0.942844,↑ τιμή → Low,3D,47.69709
364,Mor24v,0.003664,0.938563,↑ τιμή → High,3D,47.782991
365,SMR_VSA5,0.003661,-0.894696,↑ τιμή → Low,2D,47.868817
366,Mor22,0.003652,-0.942542,↑ τιμή → Low,3D,47.954431
367,MAXssCH2,0.003641,-0.947541,↑ τιμή → Low,2D,48.039787
368,SlogP_VSA11,0.003639,-0.832182,↑ τιμή → Low,2D,48.125105
369,ATS2dv,0.003637,-0.944614,↑ τιμή → Low,2D,48.210356
370,Mor07se,0.003631,0.909267,↑ τιμή → High,3D,48.295466
371,VSA_EState9,0.003629,-0.852073,↑ τιμή → Low,2D,48.380536
372,ATS6v,0.003629,-0.913442,↑ τιμή → Low,2D,48.465603
373,SpAbs_Dzm,0.003624,-0.874098,↑ τιμή → Low,2D,48.55057
374,SIC4,0.003623,-0.935166,↑ τιμή → Low,2D,48.635498
375,nHRing,0.00362,-0.950543,↑ τιμή → Low,2D,48.720361
376,TopoPSA,0.003617,-0.939628,↑ τιμή → Low,2D,48.80515
377,MIC5,0.003603,-0.94362,↑ τιμή → Low,2D,48.889612
378,Mor06m,0.003601,-0.954718,↑ τιμή → Low,3D,48.974035
379,AATS1Z,0.003598,-0.957445,↑ τιμή → Low,2D,49.058377
380,VSA_EState3,0.003598,-0.930842,↑ τιμή → Low,2D,49.142712
381,Mor07,0.003593,0.954853,↑ τιμή → High,3D,49.22694
382,SIC3,0.003586,-0.947179,↑ τιμή → Low,2D,49.310994
383,ATSC0se,0.003579,0.944793,↑ τιμή → High,2D,49.394897
384,Mor16m,0.003571,0.952401,↑ τιμή → High,3D,49.478606
385,nG12FAHRing,0.00356,-0.57659,↑ τιμή → Low,2D,49.56207
386,AATS0pe,0.003556,0.958232,↑ τιμή → High,2D,49.645421
387,GeomShapeIndex,0.003554,0.951133,↑ τιμή → High,3D,49.728739
388,ETA_eta_BR,0.003551,-0.956501,↑ τιμή → Low,2D,49.811981
389,AATS2Z,0.003549,-0.898468,↑ τιμή → Low,2D,49.895187
390,Mor03m,0.003545,-0.924942,↑ τιμή → Low,3D,49.978295
391,GATS5s,0.003535,-0.910051,↑ τιμή → Low,2D,50.061172
392,EState_VSA4,0.003518,-0.919651,↑ τιμή → Low,2D,50.143638
393,ATSC0are,0.003514,-0.945623,↑ τιμή → Low,2D,50.22601
394,Mor16se,0.00351,-0.945181,↑ τιμή → Low,3D,50.308286
395,LogEE_D,0.003508,-0.904018,↑ τιμή → Low,2D,50.39053
396,Mor12p,0.003506,0.935801,↑ τιμή → High,3D,50.472723
397,Mpe,0.003506,0.917979,↑ τιμή → High,2D,50.554907
398,Mor13m,0.003502,-0.939685,↑ τιμή → Low,3D,50.637001
399,ETA_dEpsilon_A,0.0035,-0.954554,↑ τιμή → Low,2D,50.719047
400,ETA_shape_p,0.003477,-0.959787,↑ τιμή → Low,2D,50.800546
401,AATSC5m,0.003476,-0.933997,↑ τιμή → Low,2D,50.882045
402,Xch-7d,0.003476,-0.899611,↑ τιμή → Low,2D,50.96352
403,AATS7se,0.003472,-0.963461,↑ τιμή → Low,2D,51.044917
404,SpDiam_DzZ,0.00347,-0.926401,↑ τιμή → Low,2D,51.126266
405,MWC06,0.003463,-0.960911,↑ τιμή → Low,2D,51.207437
406,ZMIC3,0.003456,-0.968699,↑ τιμή → Low,2D,51.288458
407,BertzCT,0.003436,0.93172,↑ τιμή → High,2D,51.369013
408,Mor01m,0.003435,-0.941252,↑ τιμή → Low,3D,51.449532
409,JGI4,0.003433,0.926196,↑ τιμή → High,2D,51.530021
410,MATS8m,0.00343,-0.895016,↑ τιμή → Low,2D,51.610421
411,MATS1m,0.003426,0.879145,↑ τιμή → High,2D,51.690746
412,n10FHRing,0.003423,0.498333,↑ τιμή → High,2D,51.770988
413,MATS1p,0.003421,0.955421,↑ τιμή → High,2D,51.851185
414,ETA_dEpsilon_C,0.003407,0.952094,↑ τιμή → High,2D,51.931049
415,Mor21se,0.003405,0.94867,↑ τιμή → High,3D,52.010875
416,AATS8pe,0.003399,-0.950487,↑ τιμή → Low,2D,52.090564
417,AATS2i,0.003399,-0.94713,↑ τιμή → Low,2D,52.170241
418,CIC2,0.003398,0.953684,↑ τιμή → High,2D,52.24991
419,Xc-4dv,0.003396,0.779312,↑ τιμή → High,2D,52.329523
420,SpMAD_Dt,0.00339,-0.883068,↑ τιμή → Low,2D,52.409002
421,AATSC4pe,0.003387,0.883263,↑ τιμή → High,2D,52.488402
422,VR1_Dzpe,0.003385,-0.947536,↑ τιμή → Low,2D,52.567758
423,ATSC4m,0.003385,-0.963403,↑ τιμή → Low,2D,52.647115
424,GATS6are,0.003384,0.94394,↑ τιμή → High,2D,52.726437
425,FPSA3,0.003383,-0.928872,↑ τιμή → Low,3D,52.805739
426,VAdjMat,0.003383,-0.933787,↑ τιμή → Low,2D,52.885036
427,AATSC2v,0.003374,-0.951515,↑ τιμή → Low,2D,52.96412
428,AATSC2p,0.003372,-0.949322,↑ τιμή → Low,2D,53.043178
429,ATS3d,0.003371,0.949512,↑ τιμή → High,2D,53.122208
430,BalabanJ,0.00337,-0.893025,↑ τιμή → Low,2D,53.201199
431,Mor26p,0.003368,-0.822372,↑ τιμή → Low,3D,53.280143
432,AATSC0v,0.003366,0.930867,↑ τιμή → High,2D,53.359054
433,AATSC4m,0.003349,-0.942539,↑ τιμή → Low,2D,53.437573
434,AETA_eta_B,0.003345,-0.969808,↑ τιμή → Low,2D,53.515997
435,MID_N,0.003337,-0.931622,↑ τιμή → Low,2D,53.594219
436,AATSC1dv,0.003335,0.855634,↑ τιμή → High,2D,53.672406
437,PEOE_VSA1,0.003329,-0.900236,↑ τιμή → Low,2D,53.750437
438,ATSC6dv,0.003325,0.927878,↑ τιμή → High,2D,53.828391
439,AATS7Z,0.003323,0.901158,↑ τιμή → High,2D,53.906303
440,Xp-7dv,0.003321,0.84709,↑ τιμή → High,2D,53.98415
441,MATS8are,0.003312,0.88967,↑ τιμή → High,2D,54.061803
442,GATS7m,0.003299,-0.849146,↑ τιμή → Low,2D,54.13915
443,AATSC8s,0.003299,-0.680586,↑ τιμή → Low,2D,54.216489
444,RPCS,0.003288,0.864409,↑ τιμή → High,3D,54.293578
445,Mor04v,0.003271,0.960012,↑ τιμή → High,3D,54.370263
446,Mor07v,0.003267,0.933965,↑ τιμή → High,3D,54.446843
447,SaaNH,0.003265,0.487482,↑ τιμή → High,2D,54.523374
448,GATS3m,0.003262,-0.948892,↑ τιμή → Low,2D,54.599842
449,AATSC2Z,0.00325,0.93627,↑ τιμή → High,2D,54.676027
450,AATSC3m,0.003246,0.941611,↑ τιμή → High,2D,54.75212
451,JGI8,0.003245,-0.925005,↑ τιμή → Low,2D,54.828187
452,TIC1,0.003243,-0.826824,↑ τιμή → Low,2D,54.904217
453,MPC5,0.00324,-0.927632,↑ τιμή → Low,2D,54.980163
454,VE2_D,0.003237,-0.907924,↑ τιμή → Low,2D,55.056059
455,GATS1se,0.003237,-0.928802,↑ τιμή → Low,2D,55.131945
456,Xp-4d,0.003227,0.952735,↑ τιμή → High,2D,55.207604
457,ATSC1c,0.003221,0.883049,↑ τιμή → High,2D,55.283123
458,FNSA4,0.003221,0.937878,↑ τιμή → High,3D,55.358638
459,nFaRing,0.00322,-0.624028,↑ τιμή → Low,2D,55.434126
460,SpAD_Dzse,0.003214,-0.918476,↑ τιμή → Low,2D,55.509477
461,GATS4pe,0.003212,-0.941061,↑ τιμή → Low,2D,55.58478
462,VE1_Dt,0.003204,-0.917017,↑ τιμή → Low,2D,55.659901
463,ETA_eta_B,0.00319,-0.923241,↑ τιμή → Low,2D,55.734689
464,ETA_alpha,0.003174,0.910083,↑ τιμή → High,2D,55.809103
465,ETA_dEpsilon_B,0.00317,0.929762,↑ τιμή → High,2D,55.883414
466,BCUTd-1l,0.003166,0.700372,↑ τιμή → High,2D,55.95763
467,VR1_Dt,0.003152,-0.887314,↑ τιμή → Low,2D,56.031512
468,JGI7,0.00315,-0.93815,↑ τιμή → Low,2D,56.105365
469,Xc-3dv,0.003145,-0.911381,↑ τιμή → Low,2D,56.179081
470,BIC3,0.003137,-0.93847,↑ τιμή → Low,2D,56.252624
471,ATSC8pe,0.003137,-0.812057,↑ τιμή → Low,2D,56.326155
472,SpDiam_A,0.003134,0.944503,↑ τιμή → High,2D,56.399621
473,VSA_EState5,0.003129,-0.900162,↑ τιμή → Low,2D,56.472972
474,JGI10,0.003126,0.931707,↑ τιμή → High,2D,56.546262
475,AATS7m,0.003126,0.925327,↑ τιμή → High,2D,56.619548
476,C4SP3,0.003124,0.584273,↑ τιμή → High,2D,56.692787
477,GATS3i,0.003121,-0.885811,↑ τιμή → Low,2D,56.765945
478,C2SP2,0.00312,-0.940026,↑ τιμή → Low,2D,56.839093
479,SsNH2,0.003117,0.002997,μη μονοτονική,2D,56.912165
480,AATS0dv,0.003114,0.958214,↑ τιμή → High,2D,56.98517
481,AATS1i,0.003113,0.928075,↑ τιμή → High,2D,57.058153
482,VR1_Dzi,0.00311,0.902131,↑ τιμή → High,2D,57.131067
483,ATSC3d,0.003106,-0.903678,↑ τιμή → Low,2D,57.203888
484,PNSA1,0.003102,-0.947269,↑ τιμή → Low,3D,57.2766
485,AATSC4p,0.0031,0.87772,↑ τιμή → High,2D,57.349274
486,Xc-4d,0.003099,-0.834488,↑ τιμή → Low,2D,57.421925
487,ATS8m,0.003095,0.762878,↑ τιμή → High,2D,57.49447
488,AATSC7d,0.003094,-0.803627,↑ τιμή → Low,2D,57.567009
489,Mor22p,0.003093,-0.958383,↑ τιμή → Low,3D,57.63952
490,Sv,0.003085,0.929246,↑ τιμή → High,2D,57.711842
491,Mor07p,0.003085,0.930092,↑ τιμή → High,3D,57.784163
492,NsNH2,0.00308,0.607819,↑ τιμή → High,2D,57.85637
493,nHBDon,0.003075,-0.94098,↑ τιμή → Low,2D,57.928457
494,n9FHRing,0.003072,0.555699,↑ τιμή → High,2D,58.000484
495,SpMAD_Dzp,0.00307,-0.885228,↑ τιμή → Low,2D,58.07245
496,Mor11,0.003067,0.883772,↑ τιμή → High,3D,58.14434
497,GATS4are,0.00305,0.929733,↑ τιμή → High,2D,58.21584
498,AXp-3d,0.003038,0.930744,↑ τιμή → High,2D,58.287064
499,Mor19v,0.003035,0.811223,↑ τιμή → High,3D,58.358204
500,GATS2v,0.003027,-0.92131,↑ τιμή → Low,2D,58.429161
501,AATS4m,0.003024,-0.84584,↑ τιμή → Low,2D,58.500059
502,GATS3d,0.003021,0.893427,↑ τιμή → High,2D,58.570891
503,GATS3se,0.003021,0.918897,↑ τιμή → High,2D,58.641713
504,VR1_Dzse,0.00302,-0.927023,↑ τιμή → Low,2D,58.71251
505,Mor09,0.003015,-0.939105,↑ τιμή → Low,3D,58.78318
506,ATSC1v,0.003011,-0.895943,↑ τιμή → Low,2D,58.853757
507,Mor20v,0.002995,-0.939141,↑ τιμή → Low,3D,58.923964
508,SlogP_VSA8,0.002977,0.674968,↑ τιμή → High,2D,58.993765
509,SpMax_Dzv,0.002975,-0.822973,↑ τιμή → Low,2D,59.0635
510,MINaaCH,0.002972,-0.844102,↑ τιμή → Low,2D,59.133173
511,AMID,0.002969,-0.92878,↑ τιμή → Low,2D,59.202778
512,TpiPC10,0.002965,0.939538,↑ τιμή → High,2D,59.272284
513,AATSC2i,0.002957,-0.941286,↑ τιμή → Low,2D,59.341594
514,PEOE_VSA11,0.002955,-0.859241,↑ τιμή → Low,2D,59.410866
515,SlogP_VSA5,0.002946,-0.907469,↑ τιμή → Low,2D,59.479934
516,AATS8Z,0.002945,0.831866,↑ τιμή → High,2D,59.548983
517,AATSC1are,0.002945,-0.797236,↑ τιμή → Low,2D,59.618027
518,EState_VSA9,0.002942,0.87165,↑ τιμή → High,2D,59.687007
519,MATS2se,0.002939,0.925736,↑ τιμή → High,2D,59.755898
520,n9FRing,0.002936,0.575071,↑ τιμή → High,2D,59.824723
521,VE3_Dzm,0.002934,-0.945046,↑ τιμή → Low,2D,59.893509
522,MATS5d,0.00293,-0.876637,↑ τιμή → Low,2D,59.962201
523,Mor15m,0.002926,0.931668,↑ τιμή → High,3D,60.030794
524,ATSC7pe,0.002925,-0.874153,↑ τιμή → Low,2D,60.099368
525,LogEE_DzZ,0.002921,-0.883061,↑ τιμή → Low,2D,60.167852
526,SMR_VSA1,0.002918,-0.904874,↑ τιμή → Low,2D,60.236248
527,ATSC8d,0.002916,-0.953583,↑ τιμή → Low,2D,60.304601
528,ETA_eta_L,0.002915,0.893241,↑ τιμή → High,2D,60.372936
529,NaasC,0.00291,0.905873,↑ τιμή → High,2D,60.44116
530,ATSC6se,0.00291,-0.893173,↑ τιμή → Low,2D,60.509372
531,GATS7i,0.002904,0.877637,↑ τιμή → High,2D,60.577439
532,Mor12,0.002901,0.910571,↑ τιμή → High,3D,60.645439
533,SRW02,0.002898,-0.899167,↑ τιμή → Low,2D,60.713366
534,PEOE_VSA8,0.002896,0.92634,↑ τιμή → High,2D,60.781251
535,MATS6i,0.002896,-0.949363,↑ τιμή → Low,2D,60.849134
536,nBondsKD,0.002896,0.936988,↑ τιμή → High,2D,60.917013
537,MATS1v,0.002895,0.899041,↑ τιμή → High,2D,60.984878
538,GATS1p,0.002894,-0.955918,↑ τιμή → Low,2D,61.052728
539,EState_VSA3,0.002894,0.927369,↑ τιμή → High,2D,61.120573
540,ATSC4pe,0.002882,0.89857,↑ τιμή → High,2D,61.188131
541,MATS1d,0.002877,0.902295,↑ τιμή → High,2D,61.255576
542,Kier2,0.002877,-0.9134,↑ τιμή → Low,2D,61.323013
543,IC0,0.002873,0.950533,↑ τιμή → High,2D,61.390353
544,GATS5i,0.002872,-0.826372,↑ τιμή → Low,2D,61.45769
545,VE2_Dzp,0.002872,0.907611,↑ τιμή → High,2D,61.525018
546,AETA_beta_ns,0.002855,-0.939345,↑ τιμή → Low,2D,61.591943
547,MIC0,0.002855,0.930201,↑ τιμή → High,2D,61.658867
548,nBondsO,0.002854,-0.91317,↑ τιμή → Low,2D,61.725762
549,ATSC8m,0.002853,0.944739,↑ τιμή → High,2D,61.792651
550,ATS7s,0.002852,-0.90908,↑ τιμή → Low,2D,61.859509
551,ATS2are,0.002849,0.720127,↑ τιμή → High,2D,61.926308
552,Mor01,0.002848,-0.872575,↑ τιμή → Low,3D,61.993084
553,MATS6d,0.00284,-0.892395,↑ τιμή → Low,2D,62.059671
554,Mor32v,0.00284,0.941285,↑ τιμή → High,3D,62.126251
555,WPSA4,0.002838,0.834983,↑ τιμή → High,3D,62.192786
556,Mor22se,0.002831,0.922827,↑ τιμή → High,3D,62.259158
557,AATS0are,0.002828,0.959118,↑ τιμή → High,2D,62.325452
558,AATSC4c,0.002827,-0.888372,↑ τιμή → Low,2D,62.391736
559,GRAVH,0.002824,-0.879133,↑ τιμή → Low,3D,62.457939
560,ATSC2i,0.002815,-0.86244,↑ τιμή → Low,2D,62.523927
561,BCUTc-1l,0.002811,-0.917937,↑ τιμή → Low,2D,62.589827
562,RPCG,0.002811,-0.861174,↑ τιμή → Low,2D,62.655725
563,AATS5are,0.002804,0.932067,↑ τιμή → High,2D,62.72146
564,MWC04,0.002798,-0.859006,↑ τιμή → Low,2D,62.787057
565,piPC1,0.00279,0.8966,↑ τιμή → High,2D,62.852474
566,MWC07,0.002789,-0.887418,↑ τιμή → Low,2D,62.917845
567,AXp-0dv,0.002788,-0.860757,↑ τιμή → Low,2D,62.98321
568,nX,0.002787,0.72596,↑ τιμή → High,2D,63.048556
569,ATS4s,0.002781,0.898143,↑ τιμή → High,2D,63.113756
570,DPSA5,0.002781,-0.796692,↑ τιμή → Low,3D,63.178952
571,AATS0se,0.00278,-0.816225,↑ τιμή → Low,2D,63.24413
572,ATS8p,0.00277,-0.915714,↑ τιμή → Low,2D,63.309066
573,AXp-1dv,0.00277,0.870331,↑ τιμή → High,2D,63.373997
574,ATS0dv,0.002768,0.928347,↑ τιμή → High,2D,63.438876
575,ETA_dEpsilon_D,0.002765,0.911795,↑ τιμή → High,2D,63.503685
576,ATSC0c,0.002764,0.926324,↑ τιμή → High,2D,63.568481
577,Mor02m,0.002747,0.900524,↑ τιμή → High,3D,63.632867
578,MATS4are,0.002739,0.908247,↑ τιμή → High,2D,63.697083
579,VE1_Dzpe,0.002735,-0.946072,↑ τιμή → Low,2D,63.761204
580,Mor16v,0.002733,0.900218,↑ τιμή → High,3D,63.825275
581,AATS3dv,0.00273,-0.851405,↑ τιμή → Low,2D,63.889275
582,Xp-0d,0.002728,-0.9205,↑ τιμή → Low,2D,63.953227
583,Mor29se,0.002722,0.901135,↑ τιμή → High,3D,64.017037
584,AATSC5p,0.002713,-0.839246,↑ τιμή → Low,2D,64.080639
585,ATS6p,0.002712,0.923944,↑ τιμή → High,2D,64.14422
586,GATS7p,0.002711,0.863127,↑ τιμή → High,2D,64.207782
587,MATS7se,0.002711,-0.60358,↑ τιμή → Low,2D,64.271334
588,FNSA3,0.002709,-0.928934,↑ τιμή → Low,3D,64.334852
589,Mor02,0.002708,-0.824899,↑ τιμή → Low,3D,64.398345
590,AATS7s,0.0027,0.902281,↑ τιμή → High,2D,64.461645
591,DetourIndex,0.002699,-0.769383,↑ τιμή → Low,2D,64.524921
592,AATSC2are,0.002697,0.905161,↑ τιμή → High,2D,64.588137
593,AATS5m,0.002693,0.782298,↑ τιμή → High,2D,64.651265
594,SM1_Dzpe,0.002682,0.855939,↑ τιμή → High,2D,64.714147
595,Mor09p,0.002682,-0.925177,↑ τιμή → Low,3D,64.777026
596,GATS8v,0.002677,0.567297,↑ τιμή → High,2D,64.839792
597,PEOE_VSA6,0.002667,-0.932999,↑ τιμή → Low,2D,64.902318
598,Mor04m,0.002667,-0.946426,↑ τιμή → Low,3D,64.964836
599,AATS3pe,0.002663,-0.924482,↑ τιμή → Low,2D,65.027258
600,Sare,0.002659,-0.891594,↑ τιμή → Low,2D,65.089587
601,BIC4,0.002656,-0.911688,↑ τιμή → Low,2D,65.151841
602,MATS6p,0.002655,-0.879563,↑ τιμή → Low,2D,65.214081
603,AATSC6c,0.002655,0.567019,↑ τιμή → High,2D,65.276314
604,nN,0.002654,-0.906711,↑ τιμή → Low,2D,65.338535
605,Xc-5d,0.00265,0.792925,↑ τιμή → High,2D,65.400648
606,GATS7d,0.002649,0.730936,↑ τιμή → High,2D,65.462758
607,TopoPSA(NO),0.002648,-0.707221,↑ τιμή → Low,2D,65.524835
608,Mor09se,0.002647,-0.926907,↑ τιμή → Low,3D,65.586888
609,VR2_Dzse,0.002647,-0.858058,↑ τιμή → Low,2D,65.648933
610,WPSA5,0.00264,0.676965,↑ τιμή → High,3D,65.710831
611,AATS1se,0.00264,-0.81953,↑ τιμή → Low,2D,65.772727
612,GATS8are,0.002639,0.913722,↑ τιμή → High,2D,65.834588
613,MATS7s,0.002633,0.651654,↑ τιμή → High,2D,65.896315
614,VR3_Dzse,0.002631,-0.891194,↑ τιμή → Low,2D,65.958003
615,SpMax_A,0.002631,-0.938248,↑ τιμή → Low,2D,66.019691
616,nS,0.002628,-0.717795,↑ τιμή → Low,2D,66.081309
617,ATSC3m,0.002626,-0.949673,↑ τιμή → Low,2D,66.142868
618,AATS6Z,0.002625,-0.888871,↑ τιμή → Low,2D,66.204403
619,FPSA1,0.002621,-0.908125,↑ τιμή → Low,3D,66.265844
620,Mor18,0.002619,-0.878481,↑ τιμή → Low,3D,66.327235
621,SM1_Dzv,0.002614,-0.93308,↑ τιμή → Low,2D,66.388527
622,Xp-6dv,0.002612,0.834472,↑ τιμή → High,2D,66.449767
623,Xch-5dv,0.002606,-0.826543,↑ τιμή → Low,2D,66.510863
624,MDEC-23,0.002606,0.892257,↑ τιμή → High,2D,66.571948
625,ABC,0.002605,-0.816675,↑ τιμή → Low,2D,66.633017
626,Mor27m,0.002604,0.821243,↑ τιμή → High,3D,66.694058
627,SpMAD_A,0.0026,0.921203,↑ τιμή → High,2D,66.755011
628,AATSC5se,0.002599,0.153301,↑ τιμή → High,2D,66.815943
629,MATS8s,0.002597,0.795817,↑ τιμή → High,2D,66.876824
630,ATSC4dv,0.002589,-0.920994,↑ τιμή → Low,2D,66.937516
631,GATS6se,0.002586,0.931656,↑ τιμή → High,2D,66.998136
632,ATSC4i,0.002586,-0.895381,↑ τιμή → Low,2D,67.058754
633,ATS2Z,0.002585,-0.908447,↑ τιμή → Low,2D,67.119356
634,mZagreb2,0.002585,-0.874684,↑ τιμή → Low,2D,67.179947
635,AATS6d,0.002579,0.866218,↑ τιμή → High,2D,67.240412
636,Mor24p,0.002577,0.903572,↑ τιμή → High,3D,67.300819
637,nBondsKS,0.00257,-0.90579,↑ τιμή → Low,2D,67.361072
638,SpAD_Dzp,0.002569,-0.805546,↑ τιμή → Low,2D,67.42129
639,NsssCH,0.002565,-0.909695,↑ τιμή → Low,2D,67.481429
640,AATS3m,0.002562,0.790616,↑ τιμή → High,2D,67.541485
641,SRW06,0.002558,-0.902241,↑ τιμή → Low,2D,67.601456
642,ATSC2dv,0.002558,-0.886825,↑ τιμή → Low,2D,67.661414
643,ATSC8se,0.002556,-0.683755,↑ τιμή → Low,2D,67.72134
644,Xp-0dv,0.002555,-0.920649,↑ τιμή → Low,2D,67.781225
645,MATS1se,0.002544,-0.657685,↑ τιμή → Low,2D,67.840871
646,SMR_VSA6,0.002544,0.926019,↑ τιμή → High,2D,67.900499
647,JGI3,0.002539,0.888567,↑ τιμή → High,2D,67.960029
648,ATSC6i,0.002524,-0.830756,↑ τιμή → Low,2D,68.019196
649,FilterItLogS,0.002523,0.843798,↑ τιμή → High,2D,68.078348
650,AATSC8dv,0.002512,0.726578,↑ τιμή → High,2D,68.137245
651,Mor03p,0.002511,-0.931144,↑ τιμή → Low,3D,68.196119
652,MATS5c,0.00251,-0.676476,↑ τιμή → Low,2D,68.254964
653,ATSC4p,0.002508,0.908309,↑ τιμή → High,2D,68.313756
654,AXp-7d,0.002502,-0.868796,↑ τιμή → Low,2D,68.372401
655,GATS5m,0.0025,0.897822,↑ τιμή → High,2D,68.431014
656,WPSA1,0.0025,0.899246,↑ τιμή → High,3D,68.489616
657,Mor26m,0.002495,-0.799336,↑ τιμή → Low,3D,68.548102
658,VR2_DzZ,0.002494,-0.903926,↑ τιμή → Low,2D,68.606563
659,AATSC8m,0.002492,-0.747372,↑ τιμή → Low,2D,68.664988
660,MATS3p,0.002489,-0.882528,↑ τιμή → Low,2D,68.723343
661,ATS6Z,0.002487,0.914348,↑ τιμή → High,2D,68.781649
662,Mor15se,0.002487,-0.916467,↑ τιμή → Low,3D,68.839953
663,AETA_eta_RL,0.002483,0.902632,↑ τιμή → High,2D,68.898154
664,VE3_D,0.002479,-0.911869,↑ τιμή → Low,2D,68.956271
665,ZMIC1,0.002476,-0.907921,↑ τιμή → Low,2D,69.014304
666,Mor15,0.002473,0.891096,↑ τιμή → High,3D,69.072285
667,Mor08m,0.002473,0.854681,↑ τιμή → High,3D,69.130255
668,MATS6v,0.002472,-0.88047,↑ τιμή → Low,2D,69.188217
669,VE1_Dzm,0.002471,0.918857,↑ τιμή → High,2D,69.24615
670,Mor20p,0.002469,-0.745515,↑ τιμή → Low,3D,69.304034
671,AATS5d,0.002467,0.939713,↑ τιμή → High,2D,69.361857
672,GATS8c,0.002465,0.787159,↑ τιμή → High,2D,69.419653
673,GGI8,0.002464,-0.853272,↑ τιμή → Low,2D,69.477421
674,JGI1,0.002462,-0.882829,↑ τιμή → Low,2D,69.535132
675,Mor16p,0.002461,0.886487,↑ τιμή → High,3D,69.592836
676,MPC4,0.00246,-0.546582,↑ τιμή → Low,2D,69.650494
677,MATS2d,0.002453,0.912951,↑ τιμή → High,2D,69.70801
678,Mor19se,0.002452,0.904797,↑ τιμή → High,3D,69.76548
679,MATS4m,0.002451,0.924999,↑ τιμή → High,2D,69.82294
680,Mor12v,0.002451,0.831176,↑ τιμή → High,3D,69.880397
681,n9FaHRing,0.002447,-0.476054,↑ τιμή → Low,2D,69.937769
682,AMID_h,0.002443,0.920568,↑ τιμή → High,2D,69.995037
683,ATS6are,0.00244,0.399156,↑ τιμή → High,2D,70.052231
684,MATS5pe,0.002436,-0.831203,↑ τιμή → Low,2D,70.109337
685,GATS7se,0.002435,-0.910494,↑ τιμή → Low,2D,70.166431
686,MATS2s,0.002435,0.864858,↑ τιμή → High,2D,70.223515
687,PPSA2,0.002431,0.681407,↑ τιμή → High,3D,70.280501
688,bpol,0.002431,-0.845458,↑ τιμή → Low,2D,70.337482
689,AATSC2d,0.002429,0.879772,↑ τιμή → High,2D,70.394428
690,ATSC1dv,0.002425,-0.889413,↑ τιμή → Low,2D,70.451272
691,AATSC7dv,0.002424,-0.055268,μη μονοτονική,2D,70.508104
692,AMID_C,0.002423,0.896691,↑ τιμή → High,2D,70.564916
693,AATSC6d,0.002422,0.876133,↑ τιμή → High,2D,70.621691
694,SlogP_VSA10,0.002421,0.803535,↑ τιμή → High,2D,70.678447
695,SpAD_Dzm,0.00242,0.854822,↑ τιμή → High,2D,70.73517
696,GATS4m,0.002414,-0.899417,↑ τιμή → Low,2D,70.791757
697,nARing,0.00241,0.921966,↑ τιμή → High,2D,70.848264
698,MATS3se,0.002401,0.818522,↑ τιμή → High,2D,70.904546
699,ATSC0pe,0.002391,0.872735,↑ τιμή → High,2D,70.960592
700,ABCGG,0.002388,0.905654,↑ τιμή → High,2D,71.016573
701,GATS3c,0.002387,-0.84419,↑ τιμή → Low,2D,71.072525
702,AATS4Z,0.002379,-0.809341,↑ τιμή → Low,2D,71.128297
703,apol,0.002374,-0.818232,↑ τιμή → Low,2D,71.183952
704,Xpc-4dv,0.002373,-0.80976,↑ τιμή → Low,2D,71.239584
705,LogEE_Dzp,0.002367,0.859588,↑ τιμή → High,2D,71.295073
706,ATS0Z,0.002367,0.928944,↑ τιμή → High,2D,71.35056
707,GATS6Z,0.002366,0.766601,↑ τιμή → High,2D,71.406021
708,MATS8i,0.002363,-0.831082,↑ τιμή → Low,2D,71.461418
709,Mor30se,0.002359,0.774527,↑ τιμή → High,3D,71.516713
710,Mor11m,0.002358,-0.887287,↑ τιμή → Low,3D,71.571996
711,Xp-7d,0.002358,-0.921709,↑ τιμή → Low,2D,71.627277
712,MATS3s,0.002352,0.897938,↑ τιμή → High,2D,71.682417
713,VE3_DzZ,0.002351,0.749919,↑ τιμή → High,2D,71.737531
714,ATSC2se,0.002349,0.81378,↑ τιμή → High,2D,71.792605
715,VE3_Dzare,0.002345,-0.917693,↑ τιμή → Low,2D,71.847571
716,nBondsD,0.002342,-0.872937,↑ τιμή → Low,2D,71.902464
717,BCUTs-1l,0.002341,-0.322602,↑ τιμή → Low,2D,71.957347
718,SLogP,0.002341,-0.916378,↑ τιμή → Low,2D,72.012223
719,MOMI-Z,0.00234,0.819137,↑ τιμή → High,3D,72.06709
720,ATSC7d,0.002327,-0.86584,↑ τιμή → Low,2D,72.121644
721,AATSC5are,0.002314,-0.821523,↑ τιμή → Low,2D,72.175885
722,MPC2,0.002311,0.801337,↑ τιμή → High,2D,72.230062
723,GGI1,0.00231,0.590668,↑ τιμή → High,2D,72.284212
724,Mor26v,0.002305,-0.778864,↑ τιμή → Low,3D,72.338253
725,nFARing,0.002303,0.837984,↑ τιμή → High,2D,72.39225
726,GATS6dv,0.002303,0.844744,↑ τιμή → High,2D,72.446242
727,ATS7i,0.002301,0.863445,↑ τιμή → High,2D,72.500172
728,Mor29,0.002292,0.732177,↑ τιμή → High,3D,72.553907
729,fragCpx,0.002291,-0.84807,↑ τιμή → Low,2D,72.60761
730,ATSC0i,0.002291,-0.701641,↑ τιμή → Low,2D,72.661313
731,GATS2i,0.00229,0.774246,↑ τιμή → High,2D,72.715001
732,nF,0.00229,0.539655,↑ τιμή → High,2D,72.768686
733,GATS6p,0.002286,0.764786,↑ τιμή → High,2D,72.822287
734,Mor18v,0.002285,-0.877971,↑ τιμή → Low,3D,72.875862
735,SIC0,0.002284,-0.808865,↑ τιμή → Low,2D,72.929405
736,AXp-2dv,0.002283,0.865383,↑ τιμή → High,2D,72.982929
737,Mor17v,0.002279,0.842636,↑ τιμή → High,3D,73.036359
738,AATS0d,0.002276,-0.891211,↑ τιμή → Low,2D,73.089704
739,FPSA5,0.002276,0.818901,↑ τιμή → High,3D,73.143048
740,GATS4v,0.002272,-0.821057,↑ τιμή → Low,2D,73.196313
741,RPSA,0.002271,-0.846897,↑ τιμή → Low,3D,73.249557
742,Mor06v,0.00227,-0.915989,↑ τιμή → Low,3D,73.302784
743,MATS2are,0.002269,0.881163,↑ τιμή → High,2D,73.355969
744,AATSC0Z,0.002269,0.498899,↑ τιμή → High,2D,73.409151
745,mZagreb1,0.002263,0.632966,↑ τιμή → High,2D,73.462212
746,AXp-2d,0.002263,-0.735942,↑ τιμή → Low,2D,73.515259
747,ATS5are,0.00226,-0.500083,↑ τιμή → Low,2D,73.568237
748,ATS5s,0.002259,0.861106,↑ τιμή → High,2D,73.621205
749,MDEC-13,0.002256,-0.553478,↑ τιμή → Low,2D,73.674089
750,AATSC8are,0.002253,0.028203,μη μονοτονική,2D,73.726894
751,AATS1dv,0.00225,-0.794853,↑ τιμή → Low,2D,73.779637
752,GATS8Z,0.002246,0.627169,↑ τιμή → High,2D,73.832294
753,Mor30m,0.002246,-0.763241,↑ τιμή → Low,3D,73.884948
754,VE3_Dt,0.002245,-0.883946,↑ τιμή → Low,2D,73.937566
755,GATS1are,0.002243,-0.753567,↑ τιμή → Low,2D,73.990145
756,ATSC5p,0.002241,0.862257,↑ τιμή → High,2D,74.042673
757,naHRing,0.00224,-0.764598,↑ τιμή → Low,2D,74.095194
758,ATS5p,0.002238,0.737919,↑ τιμή → High,2D,74.147651
759,AATSC0c,0.002235,-0.917467,↑ τιμή → Low,2D,74.200035
760,ATSC1s,0.002234,-0.846439,↑ τιμή → Low,2D,74.252411
761,GATS5se,0.002228,0.849658,↑ τιμή → High,2D,74.304644
762,Mor19m,0.002223,0.827745,↑ τιμή → High,3D,74.356759
763,Xch-7dv,0.002223,0.123525,↑ τιμή → High,2D,74.408861
764,ATSC0v,0.002221,-0.861443,↑ τιμή → Low,2D,74.460934
765,ATSC8p,0.002217,0.665237,↑ τιμή → High,2D,74.512917
766,Mor31se,0.002211,-0.905442,↑ τιμή → Low,3D,74.564748
767,ATS6pe,0.002211,-0.663925,↑ τιμή → Low,2D,74.616576
768,Mor22v,0.002207,-0.730814,↑ τιμή → Low,3D,74.668309
769,SpAbs_Dzse,0.002205,0.737658,↑ τιμή → High,2D,74.719994
770,ATSC3dv,0.002201,-0.886952,↑ τιμή → Low,2D,74.771596
771,ZMIC4,0.0022,0.831061,↑ τιμή → High,2D,74.82318
772,ETA_beta_s,0.002199,0.771206,↑ τιμή → High,2D,74.874722
773,GATS4Z,0.002197,-0.905545,↑ τιμή → Low,2D,74.926224
774,AATS5s,0.002196,-0.849392,↑ τιμή → Low,2D,74.977711
775,Xpc-6d,0.002196,-0.586252,↑ τιμή → Low,2D,75.029183
776,MATS8pe,0.002189,-0.698323,↑ τιμή → Low,2D,75.080504
777,Mor12se,0.002188,-0.822577,↑ τιμή → Low,3D,75.131806
778,Mor28,0.002184,0.751401,↑ τιμή → High,3D,75.183016
779,AATS2are,0.002184,-0.817469,↑ τιμή → Low,2D,75.23421
780,ATS4m,0.002179,0.545511,↑ τιμή → High,2D,75.285294
781,ATSC2p,0.002175,-0.883503,↑ τιμή → Low,2D,75.336281
782,ATSC3Z,0.002167,0.762298,↑ τιμή → High,2D,75.387079
783,GATS6s,0.00216,-0.767268,↑ τιμή → Low,2D,75.437719
784,Mm,0.00216,-0.841086,↑ τιμή → Low,2D,75.488351
785,PNSA3,0.002155,0.891033,↑ τιμή → High,3D,75.538871
786,VR3_Dzpe,0.002154,0.893954,↑ τιμή → High,2D,75.589376
787,ATSC7v,0.002153,-0.826883,↑ τιμή → Low,2D,75.63985
788,Mor23v,0.002149,0.731455,↑ τιμή → High,3D,75.690238
789,GATS1s,0.002148,0.816134,↑ τιμή → High,2D,75.740587
790,AATS7are,0.002148,0.684301,↑ τιμή → High,2D,75.790934
791,ATS3dv,0.002147,0.809997,↑ τιμή → High,2D,75.841273
792,AATS1d,0.002147,-0.852844,↑ τιμή → Low,2D,75.891604
793,MATS3v,0.002146,-0.658228,↑ τιμή → Low,2D,75.941917
794,TPSA,0.002146,-0.9243,↑ τιμή → Low,3D,75.992223
795,Mor25v,0.002145,0.783694,↑ τιμή → High,3D,76.042516
796,GATS2dv,0.002145,0.746162,↑ τιμή → High,2D,76.092795
797,GATS5v,0.002143,-0.804282,↑ τιμή → Low,2D,76.143029
798,Mor24se,0.002142,0.651698,↑ τιμή → High,3D,76.193241
799,AATSC3are,0.002133,0.670717,↑ τιμή → High,2D,76.243233
800,ZMIC0,0.002129,-0.805777,↑ τιμή → Low,2D,76.293154
801,Mor01v,0.002128,-0.70576,↑ τιμή → Low,3D,76.343043
802,ATSC5s,0.002119,0.818888,↑ τιμή → High,2D,76.392711
803,AATSC6s,0.002115,0.342013,↑ τιμή → High,2D,76.442287
804,GGI7,0.002109,-0.692018,↑ τιμή → Low,2D,76.491739
805,SpDiam_D,0.002108,-0.819586,↑ τιμή → Low,2D,76.541162
806,Sse,0.002103,-0.792252,↑ τιμή → Low,2D,76.590453
807,WNSA3,0.002102,0.109715,↑ τιμή → High,3D,76.639729
808,LogEE_Dzse,0.002101,-0.776402,↑ τιμή → Low,2D,76.68899
809,SIC5,0.002099,0.900924,↑ τιμή → High,2D,76.738185
810,AATS4v,0.002095,0.896641,↑ τιμή → High,2D,76.787307
811,VR2_Dzp,0.002091,0.88268,↑ τιμή → High,2D,76.836314
812,AATSC1c,0.00209,0.870803,↑ τιμή → High,2D,76.885316
813,ATS1m,0.002081,0.826478,↑ τιμή → High,2D,76.93411
814,VR1_Dzv,0.002079,0.738459,↑ τιμή → High,2D,76.982854
815,AXp-4d,0.002078,-0.817559,↑ τιμή → Low,2D,77.031573
816,AATSC2c,0.002071,0.886645,↑ τιμή → High,2D,77.080114
817,Sm,0.002069,-0.866289,↑ τιμή → Low,2D,77.128626
818,ATS3p,0.002069,0.778424,↑ τιμή → High,2D,77.177136
819,DPSA2,0.002069,0.741664,↑ τιμή → High,3D,77.225638
820,FPSA2,0.002068,0.723983,↑ τιμή → High,3D,77.274117
821,AATSC6dv,0.002066,0.826839,↑ τιμή → High,2D,77.322555
822,GATS3Z,0.002065,-0.773527,↑ τιμή → Low,2D,77.370959
823,ATSC3i,0.002061,-0.819973,↑ τιμή → Low,2D,77.41927
824,ATSC3c,0.002055,0.449845,↑ τιμή → High,2D,77.46744
825,MATS4s,0.002055,-0.806433,↑ τιμή → Low,2D,77.515608
826,VE1_Dzv,0.002055,0.763434,↑ τιμή → High,2D,77.563775
827,AATSC0dv,0.002051,0.901094,↑ τιμή → High,2D,77.611865
828,AATS3se,0.002051,0.838668,↑ τιμή → High,2D,77.659955
829,Mor26,0.002051,-0.644833,↑ τιμή → Low,3D,77.708034
830,SdsssP,0.00205,0.253459,↑ τιμή → High,2D,77.756085
831,AATSC7pe,0.002044,-0.269714,↑ τιμή → Low,2D,77.803996
832,MATS2p,0.002044,-0.831205,↑ τιμή → Low,2D,77.851903
833,MIC3,0.002043,0.886437,↑ τιμή → High,2D,77.8998
834,piPC9,0.002042,0.846727,↑ τιμή → High,2D,77.947679
835,SlogP_VSA2,0.002042,-0.472332,↑ τιμή → Low,2D,77.995543
836,GATS3are,0.002039,-0.83677,↑ τιμή → Low,2D,78.043346
837,ETA_epsilon_4,0.002039,-0.683385,↑ τιμή → Low,2D,78.091147
838,AATSC2dv,0.002034,-0.786866,↑ τιμή → Low,2D,78.138839
839,n6aHRing,0.002032,0.709031,↑ τιμή → High,2D,78.186484
840,AATSC3Z,0.002029,-0.669573,↑ τιμή → Low,2D,78.23404
841,ATS1dv,0.002021,-0.844684,↑ τιμή → Low,2D,78.281423
842,AATSC0pe,0.00202,0.680578,↑ τιμή → High,2D,78.328767
843,SM1_Dzse,0.002016,0.771033,↑ τιμή → High,2D,78.37602
844,Xc-6d,0.002015,-0.49262,↑ τιμή → Low,2D,78.423267
845,ATSC1p,0.002013,0.654624,↑ τιμή → High,2D,78.470465
846,ATS3se,0.002011,-0.800028,↑ τιμή → Low,2D,78.517606
847,AATSC3c,0.002011,-0.068011,μη μονοτονική,2D,78.564742
848,ATS2d,0.00201,0.740113,↑ τιμή → High,2D,78.611871
849,GATS8pe,0.00201,-0.677909,↑ τιμή → Low,2D,78.658982
850,ATSC7Z,0.002008,-0.765158,↑ τιμή → Low,2D,78.706065
851,ATSC0p,0.002008,-0.782004,↑ τιμή → Low,2D,78.75314
852,AATS3Z,0.002005,0.839366,↑ τιμή → High,2D,78.800135
853,BCUTd-1h,0.002004,-0.796649,↑ τιμή → Low,2D,78.847108
854,AATS8i,0.002004,-0.725455,↑ τιμή → Low,2D,78.894078
855,MPC8,0.002002,-0.628882,↑ τιμή → Low,2D,78.941021
856,MATS5m,0.001999,0.860707,↑ τιμή → High,2D,78.987876
857,ATSC3se,0.001998,-0.691701,↑ τιμή → Low,2D,79.034704
858,MATS7dv,0.001995,0.251074,↑ τιμή → High,2D,79.081479
859,Xch-5d,0.001995,-0.418473,↑ τιμή → Low,2D,79.128254
860,AATS5se,0.001992,-0.870249,↑ τιμή → Low,2D,79.174954
861,AATSC3i,0.001991,-0.458887,↑ τιμή → Low,2D,79.221624
862,SpDiam_Dzp,0.001988,-0.668265,↑ τιμή → Low,2D,79.26824
863,ETA_epsilon_3,0.001984,0.883261,↑ τιμή → High,2D,79.314759
864,ATS1are,0.00198,-0.799997,↑ τιμή → Low,2D,79.361165
865,BIC1,0.001973,0.863119,↑ τιμή → High,2D,79.407416
866,ATS6i,0.001971,0.425783,↑ τιμή → High,2D,79.453615
867,Mor18m,0.00197,0.857309,↑ τιμή → High,3D,79.499802
868,AATSC6v,0.001967,-0.315632,↑ τιμή → Low,2D,79.545915
869,SM1_Dzare,0.001966,0.77686,↑ τιμή → High,2D,79.592008
870,AATSC8p,0.001963,-0.496651,↑ τιμή → Low,2D,79.638019
871,MPC6,0.00196,0.463183,↑ τιμή → High,2D,79.683978
872,nRing,0.00196,0.887251,↑ τιμή → High,2D,79.729925
873,Vabc,0.001957,-0.904992,↑ τιμή → Low,2D,79.775803
874,Mor04p,0.001956,0.75066,↑ τιμή → High,3D,79.821646
875,SMR_VSA9,0.001955,0.62763,↑ τιμή → High,2D,79.867477
876,AATS5i,0.001952,0.774434,↑ τιμή → High,2D,79.913246
877,Xp-2d,0.001951,-0.849911,↑ τιμή → Low,2D,79.958991
878,VR2_Dzv,0.001951,-0.812583,↑ τιμή → Low,2D,80.004735
879,Mp,0.001951,-0.793474,↑ τιμή → Low,2D,80.050469
880,VE3_Dzse,0.001951,-0.833473,↑ τιμή → Low,2D,80.096197
881,ATSC0s,0.001949,0.867439,↑ τιμή → High,2D,80.141877
882,AATS7dv,0.001947,0.858335,↑ τιμή → High,2D,80.187512
883,NdNH,0.001946,-0.546599,↑ τιμή → Low,2D,80.233123
884,Mor11p,0.001943,-0.758915,↑ τιμή → Low,3D,80.278663
885,MATS2v,0.001942,0.64662,↑ τιμή → High,2D,80.324198
886,ATS7d,0.001942,-0.346824,↑ τιμή → Low,2D,80.369723
887,MATS2pe,0.001941,-0.754655,↑ τιμή → Low,2D,80.415217
888,GATS2d,0.00194,-0.696397,↑ τιμή → Low,2D,80.460697
889,ATS2s,0.001939,-0.593511,↑ τιμή → Low,2D,80.506148
890,Mor26se,0.001937,-0.736755,↑ τιμή → Low,3D,80.551555
891,ATSC0dv,0.001937,0.343422,↑ τιμή → High,2D,80.596958
892,WNSA4,0.001934,-0.060782,μη μονοτονική,3D,80.642288
893,AATSC6se,0.001934,0.345352,↑ τιμή → High,2D,80.687614
894,ATSC2are,0.001932,-0.696429,↑ τιμή → Low,2D,80.732905
895,ATS4d,0.001931,-0.532087,↑ τιμή → Low,2D,80.778172
896,AATSC8Z,0.00193,-0.383473,↑ τιμή → Low,2D,80.823427
897,ATS5i,0.00193,0.856614,↑ τιμή → High,2D,80.868678
898,GGI2,0.001929,-0.582582,↑ τιμή → Low,2D,80.913895
899,AATSC1d,0.001928,-0.373763,↑ τιμή → Low,2D,80.959096
900,MINaasC,0.001927,-0.454682,↑ τιμή → Low,2D,81.004259
901,GATS1v,0.001926,0.885876,↑ τιμή → High,2D,81.049407
902,fMF,0.001924,0.825414,↑ τιμή → High,2D,81.094514
903,n4ARing,0.00192,-0.401291,↑ τιμή → Low,2D,81.139518
904,MWC09,0.001914,0.758784,↑ τιμή → High,2D,81.184381
905,Mor24,0.001912,0.84394,↑ τιμή → High,3D,81.229213
906,VE1_DzZ,0.001912,0.548436,↑ τιμή → High,2D,81.274033
907,AATSC5Z,0.001912,0.73427,↑ τιμή → High,2D,81.318844
908,SpMAD_Dzpe,0.001911,0.723857,↑ τιμή → High,2D,81.363644
909,ATS4v,0.00191,-0.624046,↑ τιμή → Low,2D,81.408427
910,SpDiam_Dzpe,0.001909,-0.773975,↑ τιμή → Low,2D,81.453181
911,piPC5,0.001906,-0.768444,↑ τιμή → Low,2D,81.497864
912,RNCG,0.001906,0.770975,↑ τιμή → High,2D,81.542547
913,VR1_Dzm,0.001906,-0.779757,↑ τιμή → Low,2D,81.587219
914,ATS1pe,0.001899,0.272055,↑ τιμή → High,2D,81.631726
915,SMR_VSA7,0.001894,0.91057,↑ τιμή → High,2D,81.676129
916,ATS3v,0.001885,0.869489,↑ τιμή → High,2D,81.720311
917,AATSC5i,0.001883,-0.144478,↑ τιμή → Low,2D,81.764463
918,MATS5v,0.001881,0.659872,↑ τιμή → High,2D,81.808555
919,AATS2p,0.001877,-0.84376,↑ τιμή → Low,2D,81.852556
920,Mor13v,0.001877,0.72044,↑ τιμή → High,3D,81.896557
921,ATSC2Z,0.001875,0.671373,↑ τιμή → High,2D,81.940503
922,SRW04,0.001874,0.86949,↑ τιμή → High,2D,81.984427
923,ATSC1Z,0.00187,0.721845,↑ τιμή → High,2D,82.028258
924,AATSC3s,0.00187,0.559376,↑ τιμή → High,2D,82.072088
925,ATSC4c,0.001869,-0.003175,μη μονοτονική,2D,82.115907
926,MATS5s,0.001867,-0.750799,↑ τιμή → Low,2D,82.159671
927,AATSC7i,0.001866,-0.320773,↑ τιμή → Low,2D,82.203412
928,VR3_Dzp,0.001863,-0.659193,↑ τιμή → Low,2D,82.247076
929,LogEE_Dzpe,0.00186,-0.414352,↑ τιμή → Low,2D,82.290688
930,ATS1se,0.001858,-0.782746,↑ τιμή → Low,2D,82.334252
931,nRot,0.001858,0.883932,↑ τιμή → High,2D,82.37781
932,GATS7pe,0.001856,0.707504,↑ τιμή → High,2D,82.421318
933,ATSC3are,0.001855,-0.808584,↑ τιμή → Low,2D,82.464811
934,AATSC5pe,0.001854,-0.06568,μη μονοτονική,2D,82.508285
935,ATSC5m,0.001854,-0.772854,↑ τιμή → Low,2D,82.551745
936,VR1_D,0.001853,0.763945,↑ τιμή → High,2D,82.595175
937,ATS7dv,0.001852,-0.689367,↑ τιμή → Low,2D,82.638595
938,n5aRing,0.001848,0.722668,↑ τιμή → High,2D,82.681916
939,AATS5v,0.001847,0.742782,↑ τιμή → High,2D,82.725213
940,EState_VSA7,0.001845,-0.79135,↑ τιμή → Low,2D,82.768471
941,SIC2,0.001841,-0.84782,↑ τιμή → Low,2D,82.811622
942,GATS7v,0.00184,-0.109988,↑ τιμή → Low,2D,82.854747
943,CIC0,0.001839,-0.857181,↑ τιμή → Low,2D,82.897852
944,PPSA3,0.001838,-0.801825,↑ τιμή → Low,3D,82.940948
945,AATSC5d,0.001832,-0.763815,↑ τιμή → Low,2D,82.983905
946,Mor06se,0.00183,-0.679933,↑ τιμή → Low,3D,83.026802
947,JGT10,0.001828,-0.48634,↑ τιμή → Low,2D,83.069646
948,ATS2i,0.001827,-0.628274,↑ τιμή → Low,2D,83.112465
949,PPSA1,0.00182,-0.766012,↑ τιμή → Low,3D,83.155125
950,AATS8p,0.001818,0.702447,↑ τιμή → High,2D,83.197755
951,ATS8Z,0.001818,0.450741,↑ τιμή → High,2D,83.240385
952,ATSC4s,0.001813,-0.350365,↑ τιμή → Low,2D,83.282894
953,ATSC6v,0.00181,-0.327009,↑ τιμή → Low,2D,83.325334
954,GATS5dv,0.001809,0.820396,↑ τιμή → High,2D,83.367732
955,ATS4i,0.001799,-0.752828,↑ τιμή → Low,2D,83.409915
956,BCUTv-1h,0.001795,0.752974,↑ τιμή → High,2D,83.452
957,Mor05m,0.001795,-0.74124,↑ τιμή → Low,3D,83.494084
958,FCSP3,0.001795,0.921876,↑ τιμή → High,2D,83.53616
959,VSA_EState6,0.001794,0.828092,↑ τιμή → High,2D,83.578227
960,VE3_A,0.001794,0.833061,↑ τιμή → High,2D,83.62028
961,ATS6se,0.001791,0.561504,↑ τιμή → High,2D,83.66226
962,SpAD_DzZ,0.001789,0.606039,↑ τιμή → High,2D,83.704201
963,Mor01se,0.001789,-0.421144,↑ τιμή → Low,3D,83.746139
964,ETA_eta_FL,0.001786,-0.812746,↑ τιμή → Low,2D,83.788001
965,ATSC5i,0.001786,0.036748,μη μονοτονική,2D,83.829859
966,AATSC4are,0.001784,0.759412,↑ τιμή → High,2D,83.871686
967,PetitjeanIndex,0.001784,-0.725342,↑ τιμή → Low,2D,83.913499
968,AXp-1d,0.001783,-0.341069,↑ τιμή → Low,2D,83.955304
969,Lipinski,0.001781,0.667246,↑ τιμή → High,2D,83.997047
970,MATS6m,0.001779,-0.473231,↑ τιμή → Low,2D,84.038755
971,MATS3Z,0.001779,-0.613208,↑ τιμή → Low,2D,84.080452
972,AMID_X,0.001778,0.544997,↑ τιμή → High,2D,84.122141
973,RotRatio,0.001778,0.721446,↑ τιμή → High,2D,84.163829
974,ATSC7c,0.001778,0.250584,↑ τιμή → High,2D,84.205502
975,VR2_Dt,0.001773,-0.709607,↑ τιμή → Low,2D,84.247057
976,GATS3s,0.001772,0.022796,μη μονοτονική,2D,84.288591
977,GATS2Z,0.001771,0.742989,↑ τιμή → High,2D,84.330113
978,ATSC3v,0.00177,-0.514631,↑ τιμή → Low,2D,84.371605
979,VE1_Dzse,0.001769,-0.772933,↑ τιμή → Low,2D,84.413064
980,ATS8v,0.001767,0.643776,↑ τιμή → High,2D,84.454481
981,MATS6s,0.001766,0.497526,↑ τιμή → High,2D,84.495872
982,n6AHRing,0.001765,-0.780648,↑ τιμή → Low,2D,84.537239
983,ATSC2c,0.001764,-0.574969,↑ τιμή → Low,2D,84.578593
984,AATS6are,0.001762,0.714276,↑ τιμή → High,2D,84.619891
985,Mor29p,0.001761,0.581069,↑ τιμή → High,3D,84.661166
986,ECIndex,0.001759,-0.782578,↑ τιμή → Low,2D,84.702403
987,MATS7v,0.001758,0.060495,μη μονοτονική,2D,84.743623
988,AETA_eta_R,0.001758,-0.759579,↑ τιμή → Low,2D,84.784833
989,AATSC6are,0.001756,0.286773,↑ τιμή → High,2D,84.826006
990,MINssCH2,0.001751,-0.603254,↑ τιμή → Low,2D,84.86705
991,IC2,0.00175,-0.813842,↑ τιμή → Low,2D,84.908074
992,MIC4,0.001749,-0.666453,↑ τιμή → Low,2D,84.949073
993,ATS2v,0.001749,-0.777688,↑ τιμή → Low,2D,84.990064
994,SpMAD_Dzi,0.001745,-0.768769,↑ τιμή → Low,2D,85.030968
995,AATS2d,0.001744,-0.730051,↑ τιμή → Low,2D,85.071849
996,ATSC5are,0.001739,0.755337,↑ τιμή → High,2D,85.112624
997,AATSC6m,0.001739,0.253029,↑ τιμή → High,2D,85.15339
998,MATS8v,0.001739,0.193825,↑ τιμή → High,2D,85.194153
999,AATS4pe,0.001736,-0.738238,↑ τιμή → Low,2D,85.234854
1000,GATS3pe,0.001734,-0.711602,↑ τιμή → Low,2D,85.27551
1001,ATSC1se,0.001731,-0.597117,↑ τιμή → Low,2D,85.316086
1002,piPC3,0.00173,-0.70611,↑ τιμή → Low,2D,85.356652
1003,Mor10se,0.001727,-0.636763,↑ τιμή → Low,3D,85.397141
1004,Mor13se,0.001723,-0.25091,↑ τιμή → Low,3D,85.437541
1005,MATS7Z,0.001721,-0.301935,↑ τιμή → Low,2D,85.477882
1006,MWC10,0.00172,0.637392,↑ τιμή → High,2D,85.51821
1007,SpMax_DzZ,0.001715,0.772061,↑ τιμή → High,2D,85.558421
1008,GATS3dv,0.001715,0.682388,↑ τιμή → High,2D,85.598626
1009,nBondsA,0.001707,0.366977,↑ τιμή → High,2D,85.638636
1010,Spe,0.001706,0.636796,↑ τιμή → High,2D,85.67863
1011,MATS3c,0.001706,-0.401756,↑ τιμή → Low,2D,85.718621
1012,AATS7p,0.001705,-0.810115,↑ τιμή → Low,2D,85.7586
1013,Mor10v,0.001702,0.696539,↑ τιμή → High,3D,85.798494
1014,Mor25p,0.0017,0.569137,↑ τιμή → High,3D,85.838358
1015,VE2_Dzm,0.001692,0.674488,↑ τιμή → High,2D,85.878013
1016,Mor18se,0.00169,0.696344,↑ τιμή → High,3D,85.917635
1017,piPC2,0.001688,0.752691,↑ τιμή → High,2D,85.957203
1018,ATSC2d,0.001688,-0.47206,↑ τιμή → Low,2D,85.996768
1019,AATS5dv,0.001686,-0.7913,↑ τιμή → Low,2D,86.036295
1020,TSRW10,0.001685,0.627965,↑ τιμή → High,2D,86.075796
1021,SZ,0.001685,0.047049,μη μονοτονική,2D,86.115286
1022,Xpc-6dv,0.00168,0.351867,↑ τιμή → High,2D,86.154679
1023,ATSC6Z,0.001678,0.211954,↑ τιμή → High,2D,86.194017
1024,VE2_DzZ,0.001677,0.763833,↑ τιμή → High,2D,86.23333
1025,Mor32se,0.001676,-0.476299,↑ τιμή → Low,3D,86.272622
1026,VE2_Dzare,0.001675,0.70165,↑ τιμή → High,2D,86.31189
1027,ATSC0Z,0.001674,-0.608404,↑ τιμή → Low,2D,86.351145
1028,AATSC8d,0.001673,0.332882,↑ τιμή → High,2D,86.390375
1029,ATSC6s,0.00167,0.275186,↑ τιμή → High,2D,86.429518
1030,ATSC1are,0.001666,0.687713,↑ τιμή → High,2D,86.468563
1031,SpAbs_Dzp,0.001665,0.187654,↑ τιμή → High,2D,86.507597
1032,SpMax_Dzse,0.00166,-0.290413,↑ τιμή → Low,2D,86.546524
1033,Mor17se,0.001658,0.014806,μη μονοτονική,3D,86.585393
1034,ATS3pe,0.001658,0.626088,↑ τιμή → High,2D,86.624257
1035,VR3_Dzm,0.001658,-0.872457,↑ τιμή → Low,2D,86.663121
1036,MWC05,0.001657,-0.684001,↑ τιμή → Low,2D,86.701973
1037,AATS3are,0.001656,-0.00502,μη μονοτονική,2D,86.740783
1038,AATSC8v,0.001652,0.291184,↑ τιμή → High,2D,86.779501
1039,AATSC5v,0.001651,-0.008643,μη μονοτονική,2D,86.818207
1040,AATS6v,0.001649,0.796893,↑ τιμή → High,2D,86.856866
1041,Mor03v,0.001649,0.550143,↑ τιμή → High,3D,86.895524
1042,ATS0i,0.001647,-0.798948,↑ τιμή → Low,2D,86.934132
1043,LogEE_Dzare,0.001646,0.486199,↑ τιμή → High,2D,86.972719
1044,Sp,0.001642,0.32079,↑ τιμή → High,2D,87.011221
1045,GATS8d,0.001641,0.472612,↑ τιμή → High,2D,87.0497
1046,ETA_eta,0.001641,0.331101,↑ τιμή → High,2D,87.088171
1047,MWC01,0.001639,-0.597583,↑ τιμή → Low,2D,87.126591
1048,MZ,0.001637,-0.568323,↑ τιμή → Low,2D,87.164959
1049,n9FARing,0.001636,0.361085,↑ τιμή → High,2D,87.203307
1050,VR1_Dzare,0.001631,-0.240878,↑ τιμή → Low,2D,87.241539
1051,piPC4,0.001627,0.406158,↑ τιμή → High,2D,87.279676
1052,ATS0are,0.001624,-0.656204,↑ τιμή → Low,2D,87.317755
1053,Xpc-4d,0.001623,0.477241,↑ τιμή → High,2D,87.355796
1054,AATSC3v,0.001619,0.049611,μη μονοτονική,2D,87.39375
1055,SssCH2,0.001619,-0.685444,↑ τιμή → Low,2D,87.4317
1056,WNSA5,0.001616,0.658934,↑ τιμή → High,3D,87.469594
1057,ATSC5Z,0.001614,0.678834,↑ τιμή → High,2D,87.507434
1058,MDEC-22,0.001614,0.407614,↑ τιμή → High,2D,87.545267
1059,n5ARing,0.001612,-0.726993,↑ τιμή → Low,2D,87.583059
1060,MID_O,0.001609,0.659549,↑ τιμή → High,2D,87.620782
1061,Mor28v,0.001608,-0.112464,↑ τιμή → Low,3D,87.658468
1062,AATS6i,0.001607,0.294706,↑ τιμή → High,2D,87.696146
1063,JGI5,0.001607,0.665175,↑ τιμή → High,2D,87.733823
1064,Mor19,0.001605,-0.248863,↑ τιμή → Low,3D,87.771459
1065,GATS2p,0.001602,-0.745433,↑ τιμή → Low,2D,87.809005
1066,Mor14v,0.001601,0.28263,↑ τιμή → High,3D,87.846548
1067,ATS3s,0.001599,0.236291,↑ τιμή → High,2D,87.884022
1068,ATS6d,0.001598,-0.411605,↑ τιμή → Low,2D,87.921494
1069,MWC03,0.001597,0.311331,↑ τιμή → High,2D,87.958935
1070,LogEE_Dzv,0.001597,-0.796081,↑ τιμή → Low,2D,87.996371
1071,MATS4se,0.001595,0.547732,↑ τιμή → High,2D,88.033752
1072,ATS1s,0.001593,-0.576097,↑ τιμή → Low,2D,88.071101
1073,SpDiam_Dzse,0.001592,-0.457993,↑ τιμή → Low,2D,88.108415
1074,PNSA2,0.001592,-0.510594,↑ τιμή → Low,3D,88.145727
1075,ETA_epsilon_5,0.001591,0.18762,↑ τιμή → High,2D,88.183036
1076,GATS1c,0.001591,0.611199,↑ τιμή → High,2D,88.220343
1077,GATS1pe,0.00159,-0.015771,μη μονοτονική,2D,88.257627
1078,nBonds,0.001588,-0.533194,↑ τιμή → Low,2D,88.294851
1079,JGI2,0.001587,0.67096,↑ τιμή → High,2D,88.332054
1080,AETA_dBeta,0.001586,-0.407973,↑ τιμή → Low,2D,88.369239
1081,SpMax_Dzp,0.001586,-0.453923,↑ τιμή → Low,2D,88.406416
1082,Mor10,0.001584,0.533649,↑ τιμή → High,3D,88.443555
1083,ATSC6c,0.001583,-0.009874,μη μονοτονική,2D,88.480676
1084,MATS1Z,0.001583,0.275324,↑ τιμή → High,2D,88.517776
1085,Mor31p,0.001581,-0.717334,↑ τιμή → Low,3D,88.554842
1086,Mor20m,0.001577,-0.825685,↑ τιμή → Low,3D,88.591806
1087,GATS1d,0.001574,0.556824,↑ τιμή → High,2D,88.628708
1088,Mor31v,0.001571,-0.376566,↑ τιμή → Low,3D,88.665535
1089,ATSC3pe,0.001571,-0.436275,↑ τιμή → Low,2D,88.702354
1090,ATSC2pe,0.00157,0.303301,↑ τιμή → High,2D,88.739164
1091,SlogP_VSA6,0.001562,-0.644838,↑ τιμή → Low,2D,88.775792
1092,MATS2c,0.001559,-0.203591,↑ τιμή → Low,2D,88.812339
1093,GATS1i,0.001556,0.843685,↑ τιμή → High,2D,88.848821
1094,NsssN,0.001554,-0.318659,↑ τιμή → Low,2D,88.885248
1095,MATS6Z,0.001553,0.412601,↑ τιμή → High,2D,88.921658
1096,AATSC3se,0.001552,0.30051,↑ τιμή → High,2D,88.958038
1097,AATSC0se,0.001552,0.853434,↑ τιμή → High,2D,88.994418
1098,SaaS,0.00155,-0.4041,↑ τιμή → Low,2D,89.030753
1099,AXp-5d,0.001543,0.63975,↑ τιμή → High,2D,89.066934
1100,nCl,0.001543,-0.612054,↑ τιμή → Low,2D,89.10311
1101,ATSC5dv,0.001541,-0.548598,↑ τιμή → Low,2D,89.139239
1102,ATSC2v,0.001541,-0.802188,↑ τιμή → Low,2D,89.175366
1103,VR3_D,0.001534,-0.187417,↑ τιμή → Low,2D,89.211336
1104,AATSC7p,0.001532,0.301231,↑ τιμή → High,2D,89.247256
1105,Mor04se,0.001532,-0.482865,↑ τιμή → Low,3D,89.283174
1106,Mor01p,0.001531,-0.46583,↑ τιμή → Low,3D,89.319058
1107,ETA_eta_RL,0.001531,0.753572,↑ τιμή → High,2D,89.354939
1108,GATS2s,0.001529,0.431962,↑ τιμή → High,2D,89.39078
1109,FPSA4,0.001529,0.316193,↑ τιμή → High,3D,89.426618
1110,MATS4p,0.001528,0.859386,↑ τιμή → High,2D,89.462439
1111,BIC2,0.001528,-0.191323,↑ τιμή → Low,2D,89.49826
1112,NaaCH,0.001528,-0.640327,↑ τιμή → Low,2D,89.534074
1113,Mor13,0.001527,0.487837,↑ τιμή → High,3D,89.569865
1114,AATS7d,0.001525,0.710431,↑ τιμή → High,2D,89.605619
1115,GATS4c,0.001525,-0.646208,↑ τιμή → Low,2D,89.64136
1116,Mor06p,0.00152,0.55401,↑ τιμή → High,3D,89.677004
1117,SpAD_A,0.001518,-0.341294,↑ τιμή → Low,2D,89.712595
1118,AATS8se,0.001515,0.4396,↑ τιμή → High,2D,89.748104
1119,Mor18p,0.001515,-0.668117,↑ τιμή → Low,3D,89.783611
1120,ATS3are,0.001514,0.349798,↑ τιμή → High,2D,89.819112
1121,SpAbs_D,0.001505,-0.40037,↑ τιμή → Low,2D,89.854391
1122,GATS3p,0.001499,0.32839,↑ τιμή → High,2D,89.889532
1123,AATSC0d,0.001497,-0.674841,↑ τιμή → Low,2D,89.924634
1124,AATSC2se,0.001497,-0.228978,↑ τιμή → Low,2D,89.959731
1125,TMWC10,0.001496,-0.572821,↑ τιμή → Low,2D,89.994807
1126,ATS2p,0.001492,-0.068476,μη μονοτονική,2D,90.029789
1127,TIC2,0.001491,-0.643399,↑ τιμή → Low,2D,90.064751
1128,SM1_Dzm,0.00149,-0.53818,↑ τιμή → Low,2D,90.099675
1129,Diameter,0.001488,-0.613048,↑ τιμή → Low,2D,90.134568
1130,ETA_dPsi_A,0.001486,0.418287,↑ τιμή → High,2D,90.169394
1131,AETA_eta_L,0.001484,0.668578,↑ τιμή → High,2D,90.204175
1132,AATS2se,0.001483,-0.051952,μη μονοτονική,2D,90.238938
1133,AATS1v,0.001483,0.713778,↑ τιμή → High,2D,90.273698
1134,Mor10p,0.001483,0.590693,↑ τιμή → High,3D,90.308453
1135,MINsssCH,0.001478,-0.631979,↑ τιμή → Low,2D,90.343099
1136,Mor10m,0.001477,-0.474742,↑ τιμή → Low,3D,90.377735
1137,Mor23se,0.001475,0.365002,↑ τιμή → High,3D,90.412308
1138,ATSC4are,0.001474,0.518949,↑ τιμή → High,2D,90.446873
1139,Mare,0.001473,-0.676908,↑ τιμή → Low,2D,90.4814
1140,Mor27p,0.00147,0.484199,↑ τιμή → High,3D,90.515871
1141,AMW,0.00147,-0.030134,μη μονοτονική,2D,90.550327
1142,AATS3s,0.001465,-0.408815,↑ τιμή → Low,2D,90.584664
1143,piPC7,0.001463,0.297771,↑ τιμή → High,2D,90.618968
1144,GeomDiameter,0.001463,-0.278935,↑ τιμή → Low,3D,90.653272
1145,EState_VSA5,0.001462,-0.791286,↑ τιμή → Low,2D,90.687537
1146,ETA_beta,0.001461,-0.78704,↑ τιμή → Low,2D,90.721793
1147,Mor23m,0.001461,0.273341,↑ τιμή → High,3D,90.756032
1148,SsOH,0.00146,0.697337,↑ τιμή → High,2D,90.79026
1149,ETA_dBeta,0.001459,0.313411,↑ τιμή → High,2D,90.824469
1150,AATS4d,0.001456,-0.300506,↑ τιμή → Low,2D,90.858611
1151,AETA_eta_BR,0.001455,-0.725367,↑ τιμή → Low,2D,90.892716
1152,AATSC4Z,0.001454,0.472876,↑ τιμή → High,2D,90.926802
1153,HybRatio,0.001453,-0.446274,↑ τιμή → Low,2D,90.960873
1154,AATS8s,0.001451,0.12296,↑ τιμή → High,2D,90.994877
1155,SpDiam_Dt,0.001449,-0.639316,↑ τιμή → Low,2D,91.028857
1156,GRAV,0.001449,0.521941,↑ τιμή → High,3D,91.062825
1157,SpDiam_Dzi,0.001449,0.344396,↑ τιμή → High,2D,91.096787
1158,GhoseFilter,0.001446,0.742739,↑ τιμή → High,2D,91.130677
1159,GATS5Z,0.001445,0.490875,↑ τιμή → High,2D,91.164554
1160,GGI5,0.001443,-0.437209,↑ τιμή → Low,2D,91.198376
1161,MATS5dv,0.00144,0.220482,↑ τιμή → High,2D,91.232145
1162,ATS4dv,0.00144,0.705045,↑ τιμή → High,2D,91.265894
1163,NaasN,0.001439,-0.604471,↑ τιμή → Low,2D,91.299637
1164,n5Ring,0.001439,-0.680202,↑ τιμή → Low,2D,91.333362
1165,ATSC6m,0.001438,-0.150613,↑ τιμή → Low,2D,91.36708
1166,SRW08,0.001436,0.680073,↑ τιμή → High,2D,91.400746
1167,ETA_psi_1,0.001435,-0.283644,↑ τιμή → Low,2D,91.434397
1168,ATS8are,0.001435,-0.174545,↑ τιμή → Low,2D,91.468032
1169,Mor23,0.001433,-0.628501,↑ τιμή → Low,3D,91.501631
1170,Mor17,0.001432,-0.635787,↑ τιμή → Low,3D,91.535212
1171,SpMax_Dzpe,0.001432,-0.001903,μη μονοτονική,2D,91.568792
1172,SsCH3,0.001429,0.546747,↑ τιμή → High,2D,91.602296
1173,AETA_eta_F,0.001427,0.36038,↑ τιμή → High,2D,91.635746
1174,GRAVHp,0.001426,-0.660317,↑ τιμή → Low,3D,91.669183
1175,Zagreb2,0.001423,0.067643,μη μονοτονική,2D,91.702544
1176,nAHRing,0.001423,-0.285903,↑ τιμή → Low,2D,91.735893
1177,Xpc-5d,0.001423,-0.555021,↑ τιμή → Low,2D,91.769241
1178,AATS8are,0.001421,0.188574,↑ τιμή → High,2D,91.802553
1179,SpMax_Dzare,0.001418,-0.402583,↑ τιμή → Low,2D,91.835784
1180,GATS5pe,0.001418,0.511559,↑ τιμή → High,2D,91.869014
1181,Mor13p,0.001415,-0.738045,↑ τιμή → Low,3D,91.902192
1182,Xp-6d,0.001414,0.420985,↑ τιμή → High,2D,91.935345
1183,AATS4dv,0.001413,-0.410925,↑ τιμή → Low,2D,91.968469
1184,ATS6m,0.001412,-0.072128,μη μονοτονική,2D,92.001566
1185,ATSC7m,0.00141,-0.30397,↑ τιμή → Low,2D,92.034623
1186,MINssO,0.00141,0.614294,↑ τιμή → High,2D,92.067675
1187,MATS4d,0.001406,-0.416744,↑ τιμή → Low,2D,92.100628
1188,Xp-3dv,0.001405,0.562188,↑ τιμή → High,2D,92.133556
1189,AATS4s,0.001403,-0.367789,↑ τιμή → Low,2D,92.166447
1190,GATS4se,0.001403,-0.484662,↑ τιμή → Low,2D,92.199333
1191,SpAD_Dzpe,0.001402,-0.142051,↑ τιμή → Low,2D,92.232196
1192,AATS7pe,0.001401,-0.530652,↑ τιμή → Low,2D,92.265043
1193,Xch-6d,0.001399,0.335273,↑ τιμή → High,2D,92.297838
1194,ZMIC2,0.001398,-0.507849,↑ τιμή → Low,2D,92.330606
1195,Mor30,0.001397,-0.52714,↑ τιμή → Low,3D,92.363365
1196,VE2_A,0.001395,-0.46613,↑ τιμή → Low,2D,92.396072
1197,GATS4p,0.001394,-0.497917,↑ τιμή → Low,2D,92.428762
1198,MATS4c,0.001392,0.304608,↑ τιμή → High,2D,92.461404
1199,CIC5,0.001392,0.202631,↑ τιμή → High,2D,92.49404
1200,GATS5c,0.00139,0.418145,↑ τιμή → High,2D,92.526637
1201,VE1_A,0.001389,0.349291,↑ τιμή → High,2D,92.559191
1202,Xp-1dv,0.001387,-0.678903,↑ τιμή → Low,2D,92.591703
1203,ETA_shape_x,0.001386,-0.255146,↑ τιμή → Low,2D,92.624188
1204,ATS1p,0.001384,-0.520296,↑ τιμή → Low,2D,92.656641
1205,MATS5se,0.001383,0.502458,↑ τιμή → High,2D,92.689068
1206,MPC9,0.001383,0.214897,↑ τιμή → High,2D,92.721485
1207,RASA,0.001382,0.475879,↑ τιμή → High,3D,92.753875
1208,ATS5d,0.001375,-0.251822,↑ τιμή → Low,2D,92.786117
1209,BIC5,0.001372,0.407635,↑ τιμή → High,2D,92.81828
1210,Mor29v,0.001372,-0.015732,μη μονοτονική,3D,92.850439
1211,WNSA1,0.001371,0.519734,↑ τιμή → High,3D,92.882584
1212,ATSC8are,0.00137,-0.124806,↑ τιμή → Low,2D,92.914692
1213,VR2_Dzm,0.001367,0.655502,↑ τιμή → High,2D,92.946727
1214,FNSA5,0.001362,-0.391272,↑ τιμή → Low,3D,92.978667
1215,GATS8s,0.001362,-0.228422,↑ τιμή → Low,2D,93.010596
1216,ATS4Z,0.001361,-0.499141,↑ τιμή → Low,2D,93.042504
1217,ATS0se,0.001361,0.423904,↑ τιμή → High,2D,93.074402
1218,BCUTm-1h,0.00136,-0.44487,↑ τιμή → Low,2D,93.106294
1219,GATS2c,0.00136,-0.555399,↑ τιμή → Low,2D,93.138178
1220,Mor14se,0.001359,0.69573,↑ τιμή → High,3D,93.170044
1221,AATS1m,0.001359,0.16857,↑ τιμή → High,2D,93.201901
1222,ETA_eta_F,0.001358,0.054719,μη μονοτονική,2D,93.233727
1223,SpAD_Dzare,0.001357,0.665407,↑ τιμή → High,2D,93.265531
1224,ATSC1m,0.001357,-0.095561,μη μονοτονική,2D,93.297335
1225,n5HRing,0.001355,-0.453561,↑ τιμή → Low,2D,93.329099
1226,ATSC1d,0.001354,0.355547,↑ τιμή → High,2D,93.36084
1227,n6HRing,0.001353,0.299519,↑ τιμή → High,2D,93.392558
1228,ATS8s,0.001353,-0.011982,μη μονοτονική,2D,93.424272
1229,SpAD_Dt,0.001353,-0.342446,↑ τιμή → Low,2D,93.455982
1230,SM1_DzZ,0.001352,-0.185066,↑ τιμή → Low,2D,93.487672
1231,ATSC4v,0.001351,0.044285,μη μονοτονική,2D,93.519334
1232,ATS5Z,0.001349,-0.561359,↑ τιμή → Low,2D,93.550968
1233,VR2_Dzpe,0.001346,-0.155114,↑ τιμή → Low,2D,93.582523
1234,GATS5p,0.001346,-0.179276,↑ τιμή → Low,2D,93.614076
1235,BCUTp-1h,0.001345,0.580351,↑ τιμή → High,2D,93.645602
1236,ZMIC5,0.001342,0.440329,↑ τιμή → High,2D,93.677068
1237,MATS6dv,0.001342,-0.504533,↑ τιμή → Low,2D,93.708523
1238,AATS2v,0.001342,0.414096,↑ τιμή → High,2D,93.739974
1239,Mor02v,0.001341,-0.259229,↑ τιμή → Low,3D,93.771415
1240,Mor05v,0.001341,0.701826,↑ τιμή → High,3D,93.802848
1241,WPSA3,0.00134,0.373293,↑ τιμή → High,3D,93.834259
1242,MID_h,0.00134,0.239347,↑ τιμή → High,2D,93.865669
1243,GATS7c,0.001335,0.258232,↑ τιμή → High,2D,93.896974
1244,ATSC8i,0.001335,-0.182679,↑ τιμή → Low,2D,93.928267
1245,ATS7p,0.001334,-0.085321,μη μονοτονική,2D,93.959531
1246,TIC0,0.00133,-0.558407,↑ τιμή → Low,2D,93.990713
1247,AETA_alpha,0.001329,0.167618,↑ τιμή → High,2D,94.021871
1248,MATS1pe,0.001329,-0.459134,↑ τιμή → Low,2D,94.053014
1249,Kier1,0.001322,0.255712,↑ τιμή → High,2D,94.084017
1250,AATSC1v,0.001322,0.183439,↑ τιμή → High,2D,94.115009
1251,PEOE_VSA7,0.001322,-0.590961,↑ τιμή → Low,2D,94.146
1252,FNSA2,0.00132,-0.325144,↑ τιμή → Low,3D,94.176936
1253,Mor07m,0.001319,-0.214641,↑ τιμή → Low,3D,94.207864
1254,ATSC7dv,0.001318,-0.631047,↑ τιμή → Low,2D,94.238753
1255,CIC3,0.001317,-0.628554,↑ τιμή → Low,2D,94.269628
1256,GGI6,0.001317,0.132351,↑ τιμή → High,2D,94.300501
1257,AETA_eta,0.001317,-0.519649,↑ τιμή → Low,2D,94.33137
1258,AATSC6Z,0.001316,-0.117408,↑ τιμή → Low,2D,94.362226
1259,ATS8se,0.001312,0.156787,↑ τιμή → High,2D,94.392985
1260,MATS5i,0.00131,-0.649623,↑ τιμή → Low,2D,94.423688
1261,ATS2pe,0.001308,-0.520334,↑ τιμή → Low,2D,94.454349
1262,MATS1i,0.001306,0.531861,↑ τιμή → High,2D,94.484971
1263,VE3_Dzpe,0.001305,-0.539476,↑ τιμή → Low,2D,94.515573
1264,SaaN,0.001303,-0.439625,↑ τιμή → Low,2D,94.546109
1265,MATS8c,0.001296,0.237966,↑ τιμή → High,2D,94.576487
1266,SpMAD_Dzv,0.001295,-0.505852,↑ τιμή → Low,2D,94.606857
1267,SpAbs_A,0.001294,-0.538509,↑ τιμή → Low,2D,94.637196
1268,VE2_Dzse,0.001293,-0.424564,↑ τιμή → Low,2D,94.667515
1269,Mor15v,0.001291,-0.468985,↑ τιμή → Low,3D,94.69778
1270,PNSA5,0.00129,0.335539,↑ τιμή → High,3D,94.728018
1271,AATS5Z,0.00129,-0.518634,↑ τιμή → Low,2D,94.758249
1272,SpAbs_Dzv,0.001289,-0.648572,↑ τιμή → Low,2D,94.788467
1273,RNCS,0.001287,0.598294,↑ τιμή → High,3D,94.818631
1274,VR3_DzZ,0.001283,0.447342,↑ τιμή → High,2D,94.848712
1275,VE1_D,0.001281,0.398814,↑ τιμή → High,2D,94.878744
1276,ATS7v,0.00128,-0.335242,↑ τιμή → Low,2D,94.90874
1277,GATS7Z,0.001278,0.115388,↑ τιμή → High,2D,94.938711
1278,GATS6v,0.001271,-0.239226,↑ τιμή → Low,2D,94.968514
1279,Mor20se,0.001269,-0.266736,↑ τιμή → Low,3D,94.998255
1280,VSA_EState7,0.001268,-0.017023,μη μονοτονική,2D,95.027988
1281,Mor11v,0.001268,0.104452,↑ τιμή → High,3D,95.057704
1282,GATS4i,0.001268,-0.442022,↑ τιμή → Low,2D,95.087419
1283,PPSA4,0.001267,0.07966,μη μονοτονική,3D,95.117123
1284,AATS3v,0.001267,0.602356,↑ τιμή → High,2D,95.146816
1285,MIC2,0.001266,0.00038,μη μονοτονική,2D,95.176503
1286,AATS1pe,0.001266,-0.131269,↑ τιμή → Low,2D,95.206182
1287,AATS2dv,0.001266,0.413479,↑ τιμή → High,2D,95.235854
1288,Mor21p,0.001265,0.578444,↑ τιμή → High,3D,95.265501
1289,ATS3m,0.001265,0.634089,↑ τιμή → High,2D,95.295147
1290,SpAD_Dzv,0.001264,0.493533,↑ τιμή → High,2D,95.324767
1291,ATS5dv,0.00126,0.359547,↑ τιμή → High,2D,95.354304
1292,SaasC,0.001257,-0.727817,↑ τιμή → Low,2D,95.383778
1293,VE2_Dt,0.001257,0.146425,↑ τιμή → High,2D,95.413253
1294,AATS0Z,0.001251,0.129067,↑ τιμή → High,2D,95.442568
1295,VE2_Dzv,0.00125,-0.546504,↑ τιμή → Low,2D,95.471869
1296,VE3_Dzp,0.001247,0.247551,↑ τιμή → High,2D,95.501101
1297,PEOE_VSA10,0.001246,-0.298381,↑ τιμή → Low,2D,95.530316
1298,LogEE_Dt,0.001246,-0.445957,↑ τιμή → Low,2D,95.559518
1299,NdO,0.001245,-0.197469,↑ τιμή → Low,2D,95.588714
1300,AETA_eta_FL,0.001243,-0.065201,μη μονοτονική,2D,95.617842
1301,VE1_Dzp,0.001242,0.367214,↑ τιμή → High,2D,95.646956
1302,Mor28p,0.001241,-0.408855,↑ τιμή → Low,3D,95.676049
1303,ATS1Z,0.00124,-0.243861,↑ τιμή → Low,2D,95.705125
1304,VMcGowan,0.00124,-0.167201,↑ τιμή → Low,2D,95.7342
1305,MPC3,0.00124,0.651051,↑ τιμή → High,2D,95.763273
1306,GATS2se,0.00124,-0.138046,↑ τιμή → Low,2D,95.79234
1307,ATSC2m,0.001238,0.280765,↑ τιμή → High,2D,95.821367
1308,ETA_epsilon_1,0.001236,-0.406654,↑ τιμή → Low,2D,95.850339
1309,VR3_A,0.001235,-0.009095,μη μονοτονική,2D,95.879282
1310,NdsCH,0.001234,0.128448,↑ τιμή → High,2D,95.908206
1311,Xp-3d,0.001232,-0.037707,μη μονοτονική,2D,95.937095
1312,AATS5p,0.001232,-0.627282,↑ τιμή → Low,2D,95.965983
1313,SRW09,0.001225,-0.192151,↑ τιμή → Low,2D,95.99471
1314,BCUTdv-1l,0.001222,0.072876,μη μονοτονική,2D,96.023368
1315,MWC08,0.001221,0.481973,↑ τιμή → High,2D,96.051985
1316,SpDiam_Dzm,0.001219,-0.536187,↑ τιμή → Low,2D,96.08057
1317,AATS0s,0.001217,0.501416,↑ τιμή → High,2D,96.10911
1318,Si,0.001216,0.150107,↑ τιμή → High,2D,96.13761
1319,AATS0v,0.001215,-0.720178,↑ τιμή → Low,2D,96.166104
1320,Mor20,0.001215,0.408308,↑ τιμή → High,3D,96.194591
1321,ATS2m,0.001214,0.14554,↑ τιμή → High,2D,96.223059
1322,GATS6pe,0.001211,-0.456183,↑ τιμή → Low,2D,96.251455
1323,PPSA5,0.001207,0.394727,↑ τιμή → High,3D,96.27975
1324,MATS6pe,0.001206,0.092959,μη μονοτονική,2D,96.308033
1325,SpAbs_Dzi,0.001202,0.083191,μη μονοτονική,2D,96.336218
1326,AATSC0s,0.001199,-0.395204,↑ τιμή → Low,2D,96.364314
1327,MATS6are,0.001197,0.068121,μη μονοτονική,2D,96.392368
1328,MDEC-33,0.001195,-0.37377,↑ τιμή → Low,2D,96.420383
1329,MAXssO,0.001194,0.390127,↑ τιμή → High,2D,96.448374
1330,AATS6dv,0.001193,-0.199788,↑ τιμή → Low,2D,96.476352
1331,LabuteASA,0.001188,0.453756,↑ τιμή → High,2D,96.504202
1332,ATS0d,0.001188,0.415463,↑ τιμή → High,2D,96.532041
1333,DPSA4,0.001187,-0.560642,↑ τιμή → Low,3D,96.559869
1334,nAcid,0.001187,0.633495,↑ τιμή → High,2D,96.587687
1335,Mor25,0.001185,0.211513,↑ τιμή → High,3D,96.615455
1336,SpAbs_DzZ,0.001177,0.112944,↑ τιμή → High,2D,96.643059
1337,Mor05p,0.001177,-0.373891,↑ τιμή → Low,3D,96.670639
1338,EState_VSA10,0.001176,0.327769,↑ τιμή → High,2D,96.698201
1339,ATS8d,0.001175,-0.170455,↑ τιμή → Low,2D,96.725746
1340,AATSC4v,0.001171,0.181405,↑ τιμή → High,2D,96.753209
1341,n8FHRing,0.001169,0.370844,↑ τιμή → High,2D,96.780624
1342,PNSA4,0.001168,-0.523002,↑ τιμή → Low,3D,96.807999
1343,Mor02se,0.001166,-0.475189,↑ τιμή → Low,3D,96.835338
1344,ATS3Z,0.001166,0.000281,μη μονοτονική,2D,96.862663
1345,nFHRing,0.001165,0.113518,↑ τιμή → High,2D,96.889971
1346,Mor32m,0.001161,-0.011778,μη μονοτονική,3D,96.917188
1347,LogEE_Dzi,0.00116,0.16301,↑ τιμή → High,2D,96.944385
1348,AATS6p,0.00116,-0.561901,↑ τιμή → Low,2D,96.97157
1349,MW,0.001158,-0.140186,↑ τιμή → Low,2D,96.998719
1350,SpMAD_D,0.001157,-0.424211,↑ τιμή → Low,2D,97.025851
1351,VR2_D,0.001155,-0.470047,↑ τιμή → Low,2D,97.052936
1352,VR3_Dzv,0.001152,0.174101,↑ τιμή → High,2D,97.079944
1353,SsssN,0.001151,-0.07585,μη μονοτονική,2D,97.106925
1354,ATS0p,0.001151,0.49224,↑ τιμή → High,2D,97.133901
1355,AATSC1i,0.001149,-0.44765,↑ τιμή → Low,2D,97.160848
1356,AATS6s,0.001149,-0.233988,↑ τιμή → Low,2D,97.187779
1357,nBondsS,0.001149,-0.108034,↑ τιμή → Low,2D,97.214706
1358,ATS2se,0.001147,-0.070321,μη μονοτονική,2D,97.241601
1359,ATS0v,0.001146,-0.374969,↑ τιμή → Low,2D,97.268473
1360,Mor31,0.001145,0.03571,μη μονοτονική,3D,97.295321
1361,ATS4se,0.001145,0.049875,μη μονοτονική,2D,97.322154
1362,CIC4,0.001143,0.115882,↑ τιμή → High,2D,97.348941
1363,VR2_Dzare,0.001142,-0.3341,↑ τιμή → Low,2D,97.375716
1364,GATS7are,0.001137,-0.164999,↑ τιμή → Low,2D,97.402368
1365,AATS6pe,0.001136,-0.396373,↑ τιμή → Low,2D,97.428997
1366,SaaO,0.001135,0.070646,μη μονοτονική,2D,97.455606
1367,ATS0m,0.001129,-0.388715,↑ τιμή → Low,2D,97.482064
1368,nHeavyAtom,0.001128,-0.068348,μη μονοτονική,2D,97.508502
1369,n8FAHRing,0.001126,0.370844,↑ τιμή → High,2D,97.534909
1370,NsCH3,0.001126,0.632843,↑ τιμή → High,2D,97.561304
1371,Xp-1d,0.001121,-0.306159,↑ τιμή → Low,2D,97.587583
1372,nH,0.001121,0.063444,μη μονοτονική,2D,97.613852
1373,Mor17p,0.001119,0.102445,↑ τιμή → High,3D,97.640084
1374,AXp-0d,0.001119,-0.203619,↑ τιμή → Low,2D,97.666313
1375,SaaCH,0.001116,0.079715,μη μονοτονική,2D,97.692469
1376,ATS8dv,0.001116,-0.140143,↑ τιμή → Low,2D,97.718622
1377,Xp-5dv,0.001114,0.444821,↑ τιμή → High,2D,97.744731
1378,n7AHRing,0.00111,-0.412686,↑ τιμή → Low,2D,97.770764
1379,PEOE_VSA3,0.001108,-0.090036,μη μονοτονική,2D,97.796747
1380,PEOE_VSA2,0.001108,0.680333,↑ τιμή → High,2D,97.822726
1381,AATS8d,0.001106,0.217126,↑ τιμή → High,2D,97.848658
1382,SpMAD_Dzare,0.001102,-0.028003,μη μονοτονική,2D,97.874484
1383,NssssC,0.001101,-0.028462,μη μονοτονική,2D,97.900306
1384,DPSA1,0.001101,-0.209849,↑ τιμή → Low,3D,97.926115
1385,LogEE_A,0.001099,-0.100688,↑ τιμή → Low,2D,97.951873
1386,n7HRing,0.001097,-0.412697,↑ τιμή → Low,2D,97.977595
1387,LogEE_Dzm,0.001097,-0.075273,μη μονοτονική,2D,98.003307
1388,n10FRing,0.001095,0.537896,↑ τιμή → High,2D,98.028986
1389,nAtom,0.001089,0.427703,↑ τιμή → High,2D,98.054506
1390,ATS7Z,0.001085,-0.016667,μη μονοτονική,2D,98.079948
1391,VR1_DzZ,0.001077,0.199386,↑ τιμή → High,2D,98.105195
1392,VR3_Dt,0.001076,0.162919,↑ τιμή → High,2D,98.130427
1393,SsSH,0.001068,-0.203845,↑ τιμή → Low,2D,98.155465
1394,AXp-3dv,0.001067,0.278276,↑ τιμή → High,2D,98.180484
1395,n9FaRing,0.001063,-0.476054,↑ τιμή → Low,2D,98.2054
1396,GeomPetitjeanIndex,0.001061,-0.105475,↑ τιμή → Low,3D,98.230271
1397,VE2_Dzi,0.001059,0.005293,μη μονοτονική,2D,98.255087
1398,BCUTZ-1h,0.001054,-0.111079,↑ τιμή → Low,2D,98.279802
1399,SpMAD_DzZ,0.001053,-0.009461,μη μονοτονική,2D,98.304494
1400,MATS3pe,0.001051,-0.024465,μη μονοτονική,2D,98.329125
1401,NssCH2,0.001049,-0.210772,↑ τιμή → Low,2D,98.353707
1402,MATS4pe,0.001046,0.074066,μη μονοτονική,2D,98.378222
1403,SRW07,0.001046,0.312234,↑ τιμή → High,2D,98.402733
1404,MATS4dv,0.001043,-0.303019,↑ τιμή → Low,2D,98.427188
1405,AATS5pe,0.001038,0.043342,μη μονοτονική,2D,98.451529
1406,Mse,0.001036,-0.045947,μη μονοτονική,2D,98.475816
1407,ATS1i,0.001028,0.129436,↑ τιμή → High,2D,98.499919
1408,AETA_beta_ns_d,0.001025,0.047412,μη μονοτονική,2D,98.523954
1409,Mor14m,0.001017,-0.049475,μη μονοτονική,3D,98.547791
1410,n4Ring,0.001016,-0.401291,↑ τιμή → Low,2D,98.571608
1411,AATS8dv,0.001015,0.342767,↑ τιμή → High,2D,98.595394
1412,GATS6d,0.001012,0.101235,↑ τιμή → High,2D,98.619127
1413,Mor03,0.001012,0.036839,μη μονοτονική,3D,98.642846
1414,VE2_Dzpe,0.00101,-0.484741,↑ τιμή → Low,2D,98.666532
1415,ETA_dAlpha_B,0.001009,-0.057729,μη μονοτονική,2D,98.690175
1416,TASA,0.001001,-0.279125,↑ τιμή → Low,3D,98.713639
1417,AATS4are,0.000994,0.073298,μη μονοτονική,2D,98.736946
1418,VE3_Dzi,0.000981,0.036947,μη μονοτονική,2D,98.759937
1419,BIC0,0.000978,0.307809,↑ τιμή → High,2D,98.782854
1420,n10FaHRing,0.00097,0.37718,↑ τιμή → High,2D,98.805586
1421,SdO,0.000962,0.313508,↑ τιμή → High,2D,98.828145
1422,piPC6,0.000962,0.42854,↑ τιμή → High,2D,98.850692
1423,AATSC3pe,0.00096,0.340574,↑ τιμή → High,2D,98.873208
1424,ETA_epsilon_2,0.000959,0.070879,μη μονοτονική,2D,98.895678
1425,ATSC1i,0.000952,-0.337119,↑ τιμή → Low,2D,98.91799
1426,Mor15p,0.000951,-0.234953,↑ τιμή → Low,3D,98.940287
1427,C3SP2,0.00095,-0.128169,↑ τιμή → Low,2D,98.962565
1428,VSA_EState2,0.000946,-0.003342,μη μονοτονική,2D,98.984749
1429,VE1_Dzi,0.000942,-0.389656,↑ τιμή → Low,2D,99.006842
1430,AETA_beta_s,0.00094,0.401052,↑ τιμή → High,2D,99.028875
1431,SaasN,0.000923,-0.351124,↑ τιμή → Low,2D,99.050511
1432,Mor02p,0.00091,-0.112199,↑ τιμή → Low,3D,99.071842
1433,C1SP2,0.000908,0.031374,μη μονοτονική,2D,99.093134
1434,SssS,0.000893,0.343646,↑ τιμή → High,2D,99.114074
1435,SsBr,0.000892,0.215729,↑ τιμή → High,2D,99.134976
1436,NsCl,0.000887,-0.410131,↑ τιμή → Low,2D,99.155779
1437,SRW05,0.000887,0.166878,↑ τιμή → High,2D,99.176576
1438,Xp-5d,0.000887,-0.0703,μη μονοτονική,2D,99.197369
1439,AATS3p,0.000886,0.020727,μη μονοτονική,2D,99.218132
1440,ATS1d,0.000884,0.151924,↑ τιμή → High,2D,99.238849
1441,NssssN,0.000869,-0.238461,↑ τιμή → Low,2D,99.25921
1442,NsF,0.000868,0.277948,↑ τιμή → High,2D,99.279549
1443,SMR_VSA3,0.000836,-0.144493,↑ τιμή → Low,2D,99.299143
1444,GATS1dv,0.000832,-0.198604,↑ τιμή → Low,2D,99.318648
1445,n9FAHRing,0.000807,0.322241,↑ τιμή → High,2D,99.337563
1446,n4AHRing,0.000795,-0.389469,↑ τιμή → Low,2D,99.356192
1447,n5AHRing,0.000781,-0.410843,↑ τιμή → Low,2D,99.374491
1448,n10FaRing,0.000772,0.395436,↑ τιμή → High,2D,99.392594
1449,nFRing,0.000768,0.080099,μη μονοτονική,2D,99.410609
1450,SdssS,0.000764,-0.161367,↑ τιμή → Low,2D,99.42852
1451,MAXssssN,0.00076,-0.238467,↑ τιμή → Low,2D,99.446333
1452,n8FRing,0.000754,0.380297,↑ τιμή → High,2D,99.46401
1453,NssS,0.000749,-0.432671,↑ τιμή → Low,2D,99.481562
1454,NaaNH,0.000741,-0.390349,↑ τιμή → Low,2D,99.498928
1455,n4HRing,0.00074,-0.389469,↑ τιμή → Low,2D,99.516284
1456,n8FARing,0.00073,0.380297,↑ τιμή → High,2D,99.533399
1457,nFAHRing,0.000718,-0.509842,↑ τιμή → Low,2D,99.550238
1458,SssssN,0.000717,-0.238467,↑ τιμή → Low,2D,99.567057
1459,n7FAHRing,0.000691,-0.243318,↑ τιμή → Low,2D,99.583257
1460,SdCH2,0.000671,0.019827,μη μονοτονική,2D,99.598996
1461,StCH,0.000657,-0.201777,↑ τιμή → Low,2D,99.614394
1462,SRW03,0.000644,0.294395,↑ τιμή → High,2D,99.629487
1463,StN,0.000629,-0.111845,↑ τιμή → Low,2D,99.644244
1464,nFaHRing,0.000568,-0.066223,μη μονοτονική,2D,99.657556
1465,StsC,0.000543,-0.166716,↑ τιμή → Low,2D,99.670296
1466,nP,0.000539,-0.253457,↑ τιμή → Low,2D,99.682936
1467,MINssssN,0.000514,-0.238466,↑ τιμή → Low,2D,99.694978
1468,NddssS,0.000503,0.370951,↑ τιμή → High,2D,99.706781
1469,NdssS,0.000483,0.161368,↑ τιμή → High,2D,99.718113
1470,NddsN,0.000467,-0.294388,↑ τιμή → Low,2D,99.72905
1471,nBr,0.000457,0.215732,↑ τιμή → High,2D,99.739761
1472,n10FAHRing,0.000416,0.323397,↑ τιμή → High,2D,99.749506
1473,n3Ring,0.000412,0.2944,↑ τιμή → High,2D,99.759154
1474,n7ARing,0.000412,0.368145,↑ τιμή → High,2D,99.768801
1475,n12FHRing,0.000404,-0.135196,↑ τιμή → Low,2D,99.778277
1476,n7FHRing,0.000402,-0.243318,↑ τιμή → Low,2D,99.787713
1477,n10FARing,0.000399,0.324812,↑ τιμή → High,2D,99.797077
1478,NdsssP,0.000398,-0.253455,↑ τιμή → Low,2D,99.806414
1479,n7FRing,0.00036,-0.258353,↑ τιμή → Low,2D,99.81485
1480,NtN,0.000352,0.227207,↑ τιμή → High,2D,99.823098
1481,SddsN,0.000351,0.294389,↑ τιμή → High,2D,99.831331
1482,n7FARing,0.000351,-0.258353,↑ τιμή → Low,2D,99.83956
1483,nBridgehead,0.000338,-0.064702,μη μονοτονική,2D,99.847476
1484,n12FAHRing,0.000336,-0.135196,↑ τιμή → Low,2D,99.855349
1485,NaaO,0.000309,-0.33881,↑ τιμή → Low,2D,99.862581
1486,NsBr,0.000287,0.215725,↑ τιμή → High,2D,99.869321
1487,n12FRing,0.000278,-0.135196,↑ τιμή → Low,2D,99.875829
1488,n12FARing,0.000275,-0.135196,↑ τιμή → Low,2D,99.882283
1489,NtsC,0.000269,0.05186,μη μονοτονική,2D,99.88859
1490,n8ARing,0.000268,-0.135196,↑ τιμή → Low,2D,99.894863
1491,nG12HRing,0.000246,0.23809,↑ τιμή → High,2D,99.900625
1492,n11FRing,0.000241,0.267865,↑ τιμή → High,2D,99.906279
1493,C2SP1,0.00023,-0.238085,↑ τιμή → Low,2D,99.91166
1494,n7Ring,0.000229,0.15195,↑ τιμή → High,2D,99.91703
1495,NsSH,0.000221,-0.203846,↑ τιμή → Low,2D,99.922201
1496,n8Ring,0.000211,-0.135196,↑ τιμή → Low,2D,99.927159
1497,C1SP1,0.000188,0.161133,↑ τιμή → High,2D,99.93156
1498,n11FARing,0.000174,-0.267831,↑ τιμή → Low,2D,99.935637
1499,NaaS,0.00017,0.11128,↑ τιμή → High,2D,99.939612
1500,SdS,0.000166,-1.0,↑ τιμή → Low,2D,99.943515
1501,nBondsT,0.000166,0.004109,μη μονοτονική,2D,99.947402
1502,nG12FaHRing,0.00016,-0.164551,↑ τιμή → Low,2D,99.951162
1503,n11FAHRing,0.000152,-0.114284,↑ τιμή → Low,2D,99.954737
1504,n11FHRing,0.000142,-0.114696,↑ τιμή → Low,2D,99.958059
1505,nSpiro,0.000135,0.031772,μη μονοτονική,2D,99.961229
1506,SsI,0.000131,-0.999999,↑ τιμή → Low,2D,99.964311
1507,n3ARing,0.000131,-0.260042,↑ τιμή → Low,2D,99.967374
1508,nG12ARing,0.00012,0.238088,↑ τιμή → High,2D,99.970181
1509,n8HRing,0.000117,-0.102483,↑ τιμή → Low,2D,99.97293
1510,Xch-3dv,0.00011,0.294411,↑ τιμή → High,2D,99.975503
1511,n8AHRing,0.000107,-0.102483,↑ τιμή → Low,2D,99.978001
1512,NdCH2,0.000106,-0.017962,μη μονοτονική,2D,99.980498
1513,nG12FaRing,0.000103,-0.18007,↑ τιμή → Low,2D,99.982906
1514,NtCH,9.2e-05,-0.174879,↑ τιμή → Low,2D,99.985071
1515,Xch-4d,7.7e-05,0.383881,↑ τιμή → High,2D,99.986883
1516,n3AHRing,7.2e-05,-0.14696,↑ τιμή → Low,2D,99.988569
1517,nG12AHRing,6.6e-05,0.23809,↑ τιμή → High,2D,99.990104
1518,SsssB,5.4e-05,0.052575,μη μονοτονική,2D,99.99136
1519,Xch-4dv,4.9e-05,0.411941,↑ τιμή → High,2D,99.992505
1520,nG12Ring,4.3e-05,0.216079,↑ τιμή → High,2D,99.993515
1521,NdS,3.2e-05,-0.999999,↑ τιμή → Low,2D,99.994264
1522,n3HRing,2.8e-05,0.07348,μη μονοτονική,2D,99.994921
1523,ETA_dAlpha_A,2.3e-05,-0.425804,↑ τιμή → Low,2D,99.995456
1524,nB,2.2e-05,0.052575,μη μονοτονική,2D,99.995965
1525,SssNH2,2e-05,1.0,↑ τιμή → High,2D,99.996428
1526,n6FRing,1.9e-05,1.0,↑ τιμή → High,2D,99.996884
1527,NsssB,1.9e-05,-0.052575,μη μονοτονική,2D,99.997329
1528,Xch-3d,1.6e-05,0.017483,μη μονοτονική,2D,99.997702
1529,n6FAHRing,1.5e-05,1.0,↑ τιμή → High,2D,99.998065
1530,nI,1.2e-05,-1.0,↑ τιμή → Low,2D,99.998355
1531,NsI,1.2e-05,-0.999997,↑ τιμή → Low,2D,99.998633
1532,NssNH2,1e-05,1.0,↑ τιμή → High,2D,99.998879
1533,n9Ring,9e-06,-1.0,↑ τιμή → Low,2D,99.999093
1534,n9HRing,7e-06,-1.0,↑ τιμή → Low,2D,99.999249
1535,n9ARing,6e-06,-1.0,↑ τιμή → Low,2D,99.999398
1536,n9AHRing,6e-06,-1.0,↑ τιμή → Low,2D,99.999539
1537,n6FHRing,6e-06,1.0,↑ τιμή → High,2D,99.999674
1538,n6FARing,6e-06,-1.0,↑ τιμή → Low,2D,99.999805
1539,n7aRing,4e-06,-1.0,↑ τιμή → Low,2D,99.999903
1540,NsssNH,4e-06,1.0,↑ τιμή → High,2D,99.999985
1541,ETA_dPsi_B,1e-06,-0.164702,↑ τιμή → Low,2D,99.999998
1542,SsssNH,0.0,-1.0,↑ τιμή → Low,2D,100.0
1543,NssssSn,0.0,,μη μονοτονική,2D,100.0
1544,SddC,0.0,,μη μονοτονική,2D,100.0
1545,n8aHRing,0.0,,μη μονοτονική,2D,100.0
1546,n7aHRing,0.0,,μη μονοτονική,2D,100.0
1547,n4aHRing,0.0,,μη μονοτονική,2D,100.0
1548,n3aHRing,0.0,,μη μονοτονική,2D,100.0
1549,nG12aRing,0.0,,μη μονοτονική,2D,100.0
1550,n12aRing,0.0,,μη μονοτονική,2D,100.0
1551,n11aRing,0.0,,μη μονοτονική,2D,100.0
1552,n10aRing,0.0,,μη μονοτονική,2D,100.0
1553,n9aRing,0.0,,μη μονοτονική,2D,100.0
1554,n8aRing,0.0,,μη μονοτονική,2D,100.0
1555,n4aRing,0.0,,μη μονοτονική,2D,100.0
1556,n3aRing,0.0,,μη μονοτονική,2D,100.0
1557,n11HRing,0.0,,μη μονοτονική,2D,100.0
1558,n12HRing,0.0,,μη μονοτονική,2D,100.0
1559,n12Ring,0.0,,μη μονοτονική,2D,100.0
1560,n10HRing,0.0,,μη μονοτονική,2D,100.0
1561,SsGeH3,0.0,,μη μονοτονική,2D,100.0
1562,SssGeH2,0.0,,μη μονοτονική,2D,100.0
1563,SsssssP,0.0,,μη μονοτονική,2D,100.0
1564,SsssP,0.0,,μη μονοτονική,2D,100.0
1565,SsssGeH,0.0,,μη μονοτονική,2D,100.0
1566,SsNH3,0.0,,μη μονοτονική,2D,100.0
1567,NdssSe,0.0,,μη μονοτονική,2D,100.0
1568,NaaSe,0.0,,μη μονοτονική,2D,100.0
1569,NsssSnH,0.0,,μη μονοτονική,2D,100.0
1570,NssSnH2,0.0,,μη μονοτονική,2D,100.0
1571,NsSnH3,0.0,,μη μονοτονική,2D,100.0
1572,n10Ring,0.0,,μη μονοτονική,2D,100.0
1573,n11Ring,0.0,,μη μονοτονική,2D,100.0
1574,SssssSi,0.0,,μη μονοτονική,2D,100.0
1575,SsPH2,0.0,,μη μονοτονική,2D,100.0
1576,SssPH,0.0,,μη μονοτονική,2D,100.0
1577,NssssGe,0.0,,μη μονοτονική,2D,100.0
1578,SssBe,0.0,,μη μονοτονική,2D,100.0
1579,SsLi,0.0,,μη μονοτονική,2D,100.0
1580,NssssPb,0.0,,μη μονοτονική,2D,100.0
1581,NsssPbH,0.0,,μη μονοτονική,2D,100.0
1582,NsssAs,0.0,,μη μονοτονική,2D,100.0
1583,NssAsH,0.0,,μη μονοτονική,2D,100.0
1584,NsAsH2,0.0,,μη μονοτονική,2D,100.0
1585,NsPbH3,0.0,,μη μονοτονική,2D,100.0
1586,NssPbH2,0.0,,μη μονοτονική,2D,100.0
1587,NddssSe,0.0,,μη μονοτονική,2D,100.0
1588,NsssdAs,0.0,,μη μονοτονική,2D,100.0
1589,NsssssAs,0.0,,μη μονοτονική,2D,100.0
1590,NsSeH,0.0,,μη μονοτονική,2D,100.0
1591,NdSe,0.0,,μη μονοτονική,2D,100.0
1592,NssSe,0.0,,μη μονοτονική,2D,100.0
1593,SssBH,0.0,,μη μονοτονική,2D,100.0
1594,SssssB,0.0,,μη μονοτονική,2D,100.0
1595,SssssBe,0.0,,μη μονοτονική,2D,100.0
1596,SsSiH3,0.0,,μη μονοτονική,2D,100.0
1597,NsGeH3,0.0,,μη μονοτονική,2D,100.0
1598,NssPH,0.0,,μη μονοτονική,2D,100.0
1599,NsPH2,0.0,,μη μονοτονική,2D,100.0
1600,NssGeH2,0.0,,μη μονοτονική,2D,100.0
1601,n11AHRing,0.0,,μη μονοτονική,2D,100.0
1602,n10AHRing,0.0,,μη μονοτονική,2D,100.0
1603,NsssGeH,0.0,,μη μονοτονική,2D,100.0
1604,n11ARing,0.0,,μη μονοτονική,2D,100.0
1605,NssssSi,0.0,,μη μονοτονική,2D,100.0
1606,n10ARing,0.0,,μη μονοτονική,2D,100.0
1607,nG12aHRing,0.0,,μη μονοτονική,2D,100.0
1608,n9aHRing,0.0,,μη μονοτονική,2D,100.0
1609,SsAsH2,0.0,,μη μονοτονική,2D,100.0
1610,SssssGe,0.0,,μη μονοτονική,2D,100.0
1611,SMR_VSA8,0.0,,μη μονοτονική,2D,100.0
1612,NsNH3,0.0,,μη μονοτονική,2D,100.0
1613,n5FaHRing,0.0,,μη μονοτονική,2D,100.0
1614,n6FaHRing,0.0,,μη μονοτονική,2D,100.0
1615,n12FaRing,0.0,,μη μονοτονική,2D,100.0
1616,n4FaHRing,0.0,,μη μονοτονική,2D,100.0
1617,n7FaRing,0.0,,μη μονοτονική,2D,100.0
1618,n6FaRing,0.0,,μη μονοτονική,2D,100.0
1619,n8FaRing,0.0,,μη μονοτονική,2D,100.0
1620,n11FaRing,0.0,,μη μονοτονική,2D,100.0
1621,n4FHRing,0.0,,μη μονοτονική,2D,100.0
1622,n5FHRing,0.0,,μη μονοτονική,2D,100.0
1623,n4FaRing,0.0,,μη μονοτονική,2D,100.0
1624,n5FaRing,0.0,,μη μονοτονική,2D,100.0
1625,n12AHRing,0.0,,μη μονοτονική,2D,100.0
1626,n5FRing,0.0,,μη μονοτονική,2D,100.0
1627,n4FRing,0.0,,μη μονοτονική,2D,100.0
1628,n12ARing,0.0,,μη μονοτονική,2D,100.0
1629,n12aHRing,0.0,,μη μονοτονική,2D,100.0
1630,n11aHRing,0.0,,μη μονοτονική,2D,100.0
1631,n10aHRing,0.0,,μη μονοτονική,2D,100.0
1632,NsssP,0.0,,μη μονοτονική,2D,100.0
1633,NsssssP,0.0,,μη μονοτονική,2D,100.0
1634,NsSiH3,0.0,,μη μονοτονική,2D,100.0
1635,NssSiH2,0.0,,μη μονοτονική,2D,100.0
1636,SssAsH,0.0,,μη μονοτονική,2D,100.0
1637,SsSeH,0.0,,μη μονοτονική,2D,100.0
1638,SsssAs,0.0,,μη μονοτονική,2D,100.0
1639,SsssdAs,0.0,,μη μονοτονική,2D,100.0
1640,SsssssAs,0.0,,μη μονοτονική,2D,100.0
1641,NssssB,0.0,,μη μονοτονική,2D,100.0
1642,NsssSiH,0.0,,μη μονοτονική,2D,100.0
1643,n8FaHRing,0.0,,μη μονοτονική,2D,100.0
1644,n7FaHRing,0.0,,μη μονοτονική,2D,100.0
1645,n11FaHRing,0.0,,μη μονοτονική,2D,100.0
1646,n12FaHRing,0.0,,μη μονοτονική,2D,100.0
1647,n4FARing,0.0,,μη μονοτονική,2D,100.0
1648,n5FARing,0.0,,μη μονοτονική,2D,100.0
1649,SaaSe,0.0,,μη μονοτονική,2D,100.0
1650,SssSe,0.0,,μη μονοτονική,2D,100.0
1651,SdSe,0.0,,μη μονοτονική,2D,100.0
1652,SlogP_VSA9,0.0,,μη μονοτονική,2D,100.0
1653,SsssSiH,0.0,,μη μονοτονική,2D,100.0
1654,SssSiH2,0.0,,μη μονοτονική,2D,100.0
1655,n5FAHRing,0.0,,μη μονοτονική,2D,100.0
1656,n4FAHRing,0.0,,μη μονοτονική,2D,100.0
1657,SsssPbH,0.0,,μη μονοτονική,2D,100.0
1658,SssPbH2,0.0,,μη μονοτονική,2D,100.0
1659,SsPbH3,0.0,,μη μονοτονική,2D,100.0
1660,SssssSn,0.0,,μη μονοτονική,2D,100.0
1661,SssSnH2,0.0,,μη μονοτονική,2D,100.0
1662,SsssSnH,0.0,,μη μονοτονική,2D,100.0
1663,SsSnH3,0.0,,μη μονοτονική,2D,100.0
1664,SddssSe,0.0,,μη μονοτονική,2D,100.0
1665,NddC,0.0,,μη μονοτονική,2D,100.0
1666,SdssSe,0.0,,μη μονοτονική,2D,100.0
1667,SM1_Dt,0.0,,μη μονοτονική,2D,100.0
1668,NssBH,0.0,,μη μονοτονική,2D,100.0
1669,NsLi,0.0,,μη μονοτονική,2D,100.0
1670,SssssPb,0.0,,μη μονοτονική,2D,100.0
1671,NssBe,0.0,,μη μονοτονική,2D,100.0
1672,NssssBe,0.0,,μη μονοτονική,2D,100.0
