Label,Πείραμα,Σύνολο περιγραφέων,N features,ROC-AUC,MCC,Balanced Acc,F1
label_cutoff_50%,Α — επιλεγμένο σύνολο,Μόνο 2D,195,0.7733,0.4179,0.7082,0.7391
label_cutoff_50%,Α — επιλεγμένο σύνολο,Μόνο 3D,48,0.7262,0.3412,0.6712,0.6797
label_cutoff_50%,Α — επιλεγμένο σύνολο,2D + 3D (όλοι),243,0.7701,0.3985,0.7,0.7124
label_cutoff_20%,Α — επιλεγμένο σύνολο,Μόνο 2D,183,0.7784,0.3749,0.7113,0.7918
label_cutoff_20%,Α — επιλεγμένο σύνολο,Μόνο 3D,49,0.7379,0.3522,0.6922,0.8081
label_cutoff_20%,Α — επιλεγμένο σύνολο,2D + 3D (όλοι),232,0.7746,0.3852,0.7159,0.7997
label_cutoff_50%,Β — εξισωμένο πλήθος,Top-120 2D,120,0.7588,0.3981,0.6997,0.7168
label_cutoff_50%,Β — εξισωμένο πλήθος,Top-120 3D,120,0.7267,0.3358,0.6682,0.6937
label_cutoff_50%,Β — εξισωμένο πλήθος,Top-120 2D + Top-120 3D,240,0.7485,0.3729,0.6869,0.6879
label_cutoff_20%,Β — εξισωμένο πλήθος,Top-118 2D,118,0.7754,0.3668,0.7029,0.8043
label_cutoff_20%,Β — εξισωμένο πλήθος,Top-118 3D,118,0.7271,0.329,0.6867,0.7699
label_cutoff_20%,Β — εξισωμένο πλήθος,Top-118 2D + Top-118 3D,236,0.7686,0.3757,0.6984,0.8293
