Label,Feature set,N features,Model,Threshold (Youden),ROC-AUC,MCC,Balanced Acc,Accuracy,F1,Precision,Sensitivity,Specificity,TP,FP,TN,FN
label_cutoff_50%,MI ∩ CatBoost,243,ExtraTrees,0.51,0.7732,0.4208,0.7091,0.7137,0.7431,0.7255,0.7617,0.6564,473,179,342,148
label_cutoff_50%,MI ∩ CatBoost,243,RandomForest,0.526,0.7514,0.3821,0.691,0.6935,0.7186,0.7175,0.7198,0.6622,447,176,345,174
label_cutoff_50%,MI ∩ CatBoost,243,CatBoost,0.692,0.7609,0.4094,0.704,0.697,0.6916,0.7745,0.6248,0.7831,388,113,408,233
label_cutoff_50%,MI ∩ CatBoost,243,LogReg,0.525,0.703,0.3222,0.6616,0.6585,0.6661,0.7112,0.6264,0.6967,389,158,363,232
label_cutoff_50%,Elastic Net,318,ExtraTrees,0.547,0.7601,0.4029,0.7022,0.6996,0.7091,0.7491,0.6731,0.7313,418,140,381,203
label_cutoff_50%,Elastic Net,318,RandomForest,0.58,0.7459,0.3754,0.6864,0.6786,0.6691,0.7602,0.5974,0.7754,371,117,404,250
label_cutoff_50%,Elastic Net,318,CatBoost,0.583,0.7416,0.3922,0.6967,0.697,0.7155,0.7311,0.7005,0.6929,435,160,361,186
label_cutoff_50%,Elastic Net,318,LogReg,0.608,0.7118,0.3731,0.6831,0.6725,0.6511,0.7738,0.562,0.8042,349,102,419,272
label_cutoff_20%,MI ∩ CatBoost,232,ExtraTrees,0.742,0.7774,0.3691,0.7122,0.6883,0.7623,0.8936,0.6647,0.7597,571,68,215,288
label_cutoff_20%,MI ∩ CatBoost,232,RandomForest,0.758,0.7581,0.3452,0.6981,0.6813,0.7583,0.8825,0.6647,0.7314,571,76,207,288
label_cutoff_20%,MI ∩ CatBoost,232,CatBoost,0.886,0.7534,0.3469,0.698,0.69,0.768,0.8786,0.6822,0.7138,586,81,202,273
label_cutoff_20%,MI ∩ CatBoost,232,LogReg,0.438,0.7008,0.2889,0.6533,0.7154,0.8041,0.8338,0.7765,0.53,667,133,150,192
label_cutoff_20%,Elastic Net,346,ExtraTrees,0.654,0.7706,0.4062,0.7041,0.7776,0.8518,0.8538,0.8498,0.5583,730,125,158,129
label_cutoff_20%,Elastic Net,346,RandomForest,0.743,0.7543,0.3414,0.6938,0.6944,0.7738,0.8728,0.695,0.6926,597,87,196,262
label_cutoff_20%,Elastic Net,346,CatBoost,0.848,0.7346,0.3326,0.6853,0.7067,0.7886,0.8609,0.7276,0.6431,625,101,182,234
label_cutoff_20%,Elastic Net,346,LogReg,0.458,0.7468,0.3586,0.6909,0.7417,0.8218,0.8543,0.7916,0.5901,680,116,167,179
