rank;descriptor;mean_abs_shap;spearman_value_vs_shap;κατεύθυνση;type;cumulative_%
1;VSA_EState3;0.010494;-0.55506;↑ τιμή → Low;2D;1.607.066
2;MID_X;0.009708;0.756814;↑ τιμή → High;2D;3.093.864
3;GATS2m;0.009042;-0.81948;↑ τιμή → Low;2D;4.478.657
4;GGI9;0.008539;-0.520165;↑ τιμή → Low;2D;5.786.384
5;Mor24m;0.008536;0.336872;↑ τιμή → High;3D;7.093.687
6;GATS1m;0.008523;-0.803816;↑ τιμή → Low;2D;8.398.955
7;GATS1se;0.008282;-0.697429;↑ τιμή → Low;2D;9.667.261
8;Mor05m;0.008176;0.789648;↑ τιμή → High;3D;10.919.331
9;EState_VSA8;0.007941;-0.783156;↑ τιμή → Low;2D;12.135.436
10;Mor21m;0.007877;0.804715;↑ τιμή → High;3D;13.341.782
11;nG12FHRing;0.007688;-0.592725;↑ τιμή → Low;2D;14.519.102
12;SMR_VSA5;0.006773;-0.705162;↑ τιμή → Low;2D;1.555.633
13;BCUTi-1h;0.00662;0.588054;↑ τιμή → High;2D;16.570.223
14;AATSC7i;0.006486;-0.786053;↑ τιμή → Low;2D;17.563.548
15;Mor12;0.006468;0.746556;↑ τιμή → High;3D;18.554.015
16;AATSC2s;0.006305;0.427655;↑ τιμή → High;2D;195.196
17;PEOE_VSA1;0.006218;-0.732695;↑ τιμή → Low;2D;2.047.191
18;SM1_Dzv;0.006205;0.410483;↑ τιμή → High;2D;21.422.246
19;MDEC-12;0.006202;-0.753093;↑ τιμή → Low;2D;22.372.117
20;ZMIC2;0.005982;0.406611;↑ τιμή → High;2D;23.288.287
21;TPSA;0.00584;-0.118361;↑ τιμή → Low;3D;24.182.647
22;SsOH;0.005771;-0.790471;↑ τιμή → Low;2D;25.066.438
23;GATS8i;0.005727;0.716982;↑ τιμή → High;2D;25.943.439
24;Mor27m;0.005138;0.597522;↑ τιμή → High;3D;26.730.285
25;GATS8d;0.005122;-0.634724;↑ τιμή → Low;2D;27.514.717
26;ATSC1d;0.005074;-0.801375;↑ τιμή → Low;2D;28.291.797
27;GATS6Z;0.005062;0.68712;↑ τιμή → High;2D;29.067.046
28;MIC1;0.005052;0.394247;↑ τιμή → High;2D;29.840.776
29;SMR_VSA4;0.004887;0.754638;↑ τιμή → High;2D;30.589.218
30;ATSC8v;0.00485;0.494526;↑ τιμή → High;2D;31.331.995
31;GeomRadius;0.004742;-0.761897;↑ τιμή → Low;3D;32.058.133
32;DPSA1;0.004494;-0.68513;↑ τιμή → Low;3D;32.746.304
33;DPSA3;0.004493;-0.471192;↑ τιμή → Low;3D;3.343.439
34;SlogP_VSA3;0.004366;-0.71676;↑ τιμή → Low;2D;34.103.085
35;MATS1s;0.004266;-0.703881;↑ τιμή → Low;2D;3.475.645
36;SaaCH;0.004264;-0.637872;↑ τιμή → Low;2D;35.409.418
37;AATS7s;0.00425;0.693224;↑ τιμή → High;2D;36.060.329
38;Mor05se;0.004196;0.665061;↑ τιμή → High;3D;36.702.855
39;ZMIC1;0.004183;-0.806059;↑ τιμή → Low;2D;37.343.497
40;ATSC8p;0.004153;-0.345883;↑ τιμή → Low;2D;37.979.536
41;FPSA2;0.004057;-0.783003;↑ τιμή → Low;3D;38.600.898
42;PEOE_VSA10;0.004041;0.281912;↑ τιμή → High;2D;39.219.766
43;Mor30p;0.00401;-0.663773;↑ τιμή → Low;3D;39.833.859
44;PPSA3;0.003922;-0.854336;↑ τιμή → Low;3D;40.434.464
45;Mor05v;0.0039;0.782731;↑ τιμή → High;3D;41.031.802
46;nHBDon;0.00389;-0.20304;↑ τιμή → Low;2D;41.627.503
47;VSA_EState5;0.003802;0.265373;↑ τιμή → High;2D;42.209.755
48;Mor04p;0.003775;0.314686;↑ τιμή → High;3D;42.787.806
49;WPSA2;0.003743;-0.683439;↑ τιμή → Low;3D;43.360.977
50;MID_N;0.003713;0.393847;↑ τιμή → High;2D;43.929.613
51;Mor16;0.003704;0.016193;μη μονοτονική;3D;44.496.813
52;Xch-7d;0.003652;-0.456008;↑ τιμή → Low;2D;45.056.128
53;mZagreb1;0.003602;-0.720441;↑ τιμή → Low;2D;45.607.758
54;Mor24se;0.003563;0.484443;↑ τιμή → High;3D;46.153.406
55;AATSC4Z;0.003492;-0.480282;↑ τιμή → Low;2D;46.688.241
56;ATSC1c;0.003483;0.389969;↑ τιμή → High;2D;47.221.715
57;ATSC0d;0.003417;-0.471224;↑ τιμή → Low;2D;4.774.497
58;MATS1pe;0.003411;-0.004775;μη μονοτονική;2D;48.267.297
59;BCUTdv-1h;0.003264;0.142809;↑ τιμή → High;2D;48.767.229
60;AATS7v;0.003217;0.751537;↑ τιμή → High;2D;49.259.835
61;ETA_eta_B;0.003147;-0.800676;↑ τιμή → Low;2D;49.741.812
62;ATSC1are;0.003114;-0.356311;↑ τιμή → Low;2D;5.021.863
63;Mor10m;0.003091;-0.713572;↑ τιμή → Low;3D;50.691.945
64;TopoPSA;0.003057;0.162836;↑ τιμή → High;2D;51.160.162
65;MDEO-12;0.003028;-0.491471;↑ τιμή → Low;2D;51.623.961
66;Xch-6d;0.003004;0.569688;↑ τιμή → High;2D;52.084.067
67;MATS7s;0.002989;-0.459284;↑ τιμή → Low;2D;5.254.186
68;MATS7se;0.002982;-0.688755;↑ τιμή → Low;2D;52.998.569
69;GATS1s;0.002936;-0.400838;↑ τιμή → Low;2D;53.448.241
70;PEOE_VSA6;0.002929;-0.418168;↑ τιμή → Low;2D;53.896.785
71;AMID_C;0.002918;-0.602898;↑ τιμή → Low;2D;54.343.663
72;ATSC3c;0.002905;-0.595107;↑ τιμή → Low;2D;54.788.539
73;ATSC0c;0.002901;-0.558269;↑ τιμή → Low;2D;55.232.772
74;AATS4pe;0.002899;0.490476;↑ τιμή → High;2D;55.676.699
75;PPSA4;0.002881;-0.265036;↑ τιμή → Low;3D;56.117.949
76;GATS2s;0.002873;0.179385;↑ τιμή → High;2D;56.557.975
77;AATSC1s;0.002843;-0.207681;↑ τιμή → Low;2D;56.993.332
78;RNCS;0.002809;0.229201;↑ τιμή → High;3D;57.423.589
79;MATS1dv;0.002798;-0.474996;↑ τιμή → Low;2D;57.852.076
80;fMF;0.00276;0.372157;↑ τιμή → High;2D;58.274.759
81;MATS7d;0.002703;0.212616;↑ τιμή → High;2D;58.688.708
82;CIC0;0.002699;-0.76365;↑ τιμή → Low;2D;59.102.004
83;Xc-5dv;0.002642;-0.130183;↑ τιμή → Low;2D;59.506.623
84;Mor30;0.002637;-0.530808;↑ τιμή → Low;3D;59.910.487
85;Xpc-6dv;0.002634;-0.735393;↑ τιμή → Low;2D;60.313.924
86;ATSC7v;0.002627;-0.772198;↑ τιμή → Low;2D;6.071.616
87;EState_VSA5;0.002591;-0.543035;↑ τιμή → Low;2D;61.112.993
88;SMR_VSA6;0.002584;0.216155;↑ τιμή → High;2D;61.508.732
89;MATS1c;0.002562;-0.667879;↑ τιμή → Low;2D;61.901.095
90;MATS4d;0.002516;0.197068;↑ τιμή → High;2D;62.286.473
91;C1SP2;0.002457;0.216796;↑ τιμή → High;2D;62.662.742
92;PPSA1;0.002451;-0.654031;↑ τιμή → Low;3D;630.381
93;MATS1p;0.002438;-0.157785;↑ τιμή → Low;2D;63.411.442
94;GATS1are;0.002434;-0.697975;↑ τιμή → Low;2D;63.784.224
95;MATS6v;0.002434;0.198837;↑ τιμή → High;2D;64.156.992
96;SdssC;0.002431;0.529354;↑ τιμή → High;2D;64.529.254
97;ATSC2are;0.002362;0.541214;↑ τιμή → High;2D;64.890.935
98;ATSC8c;0.002332;0.646784;↑ τιμή → High;2D;6.524.806
99;BCUTd-1h;0.002312;-0.462497;↑ τιμή → Low;2D;6.560.207
100;ATSC1dv;0.002291;-0.505624;↑ τιμή → Low;2D;65.952.862
101;Mor21v;0.00228;0.623747;↑ τιμή → High;3D;66.301.972
102;SaasC;0.002275;-0.231361;↑ τιμή → Low;2D;66.650.352
103;Mor20;0.002269;-0.554566;↑ τιμή → Low;3D;66.997.764
104;GATS4pe;0.00226;0.073187;μη μονοτονική;2D;67.343.882
105;EState_VSA1;0.002241;0.391908;↑ τιμή → High;2D;6.768.704
106;RASA;0.002235;0.400244;↑ τιμή → High;3D;68.029.321
107;NssssN;0.002204;-0.238062;↑ τιμή → Low;2D;68.366.856
108;GATS8are;0.002192;0.468209;↑ τιμή → High;2D;6.870.259
109;AATSC3v;0.002188;-0.427333;↑ τιμή → Low;2D;69.037.639
110;AATSC4s;0.002164;0.084797;μη μονοτονική;2D;69.368.975
111;Mor11v;0.002163;0.560243;↑ τιμή → High;3D;69.700.245
112;Mor11;0.002148;0.379897;↑ τιμή → High;3D;70.029.153
113;Mor09p;0.002142;0.102398;↑ τιμή → High;3D;70.357.207
114;ATS0s;0.002113;-0.055264;μη μονοτονική;2D;7.068.074
115;AATS4i;0.00211;0.353746;↑ τιμή → High;2D;7.100.392
116;MATS6d;0.002106;-0.224165;↑ τιμή → Low;2D;71.326.428
117;ATSC0pe;0.002105;0.228843;↑ τιμή → High;2D;71.648.779
118;GATS4dv;0.002104;0.297853;↑ τιμή → High;2D;71.971.013
119;SlogP_VSA4;0.002099;0.870776;↑ τιμή → High;2D;72.292.496
120;Mor10v;0.002099;-0.062212;μη μονοτονική;3D;72.613.935
121;MAXssO;0.002099;-0.540852;↑ τιμή → Low;2D;7.293.536
122;AATSC2i;0.002098;-0.126322;↑ τιμή → Low;2D;73.256.711
123;Mor15;0.002097;-0.21983;↑ τιμή → Low;3D;73.577.794
124;SlogP_VSA2;0.002092;-0.406341;↑ τιμή → Low;2D;73.898.242
125;PEOE_VSA9;0.002069;-0.449118;↑ τιμή → Low;2D;74.215.055
126;MATS3d;0.002062;-0.576825;↑ τιμή → Low;2D;74.530.813
127;Mor20m;0.002059;0.218465;↑ τιμή → High;3D;74.846.162
128;Mor08p;0.002058;0.437877;↑ τιμή → High;3D;75.161.301
129;GATS5v;0.002058;0.336558;↑ τιμή → High;2D;75.476.435
130;PEOE_VSA7;0.002057;-0.095479;μη μονοτονική;2D;75.791.513
131;GATS5s;0.002042;-0.097991;μη μονοτονική;2D;76.104.188
132;NaaaC;0.002039;-0.341878;↑ τιμή → Low;2D;76.416.434
133;ATSC1se;0.002028;0.419556;↑ τιμή → High;2D;76.726.989
134;BCUTi-1l;0.002006;0.531217;↑ τιμή → High;2D;77.034.247
135;ATSC3v;0.001995;-0.409852;↑ τιμή → Low;2D;77.339.826
136;MATS3se;0.001977;0.267521;↑ τιμή → High;2D;77.642.647
137;SsCH3;0.001971;-0.524986;↑ τιμή → Low;2D;77.944.459
138;MIC0;0.001946;0.671996;↑ τιμή → High;2D;78.242.551
139;AATS4p;0.001928;-0.124292;↑ τιμή → Low;2D;78.537.744
140;GATS2d;0.001926;-0.412527;↑ τιμή → Low;2D;78.832.716
141;BCUTp-1l;0.001921;-0.404192;↑ τιμή → Low;2D;79.126.872
142;ATSC4v;0.001888;-0.048185;μη μονοτονική;2D;79.416.023
143;GATS6i;0.001888;-0.65358;↑ τιμή → Low;2D;79.705.136
144;ATS1dv;0.00188;-0.250302;↑ τιμή → Low;2D;79.993.095
145;Mor03p;0.001878;0.136725;↑ τιμή → High;3D;8.028.074
146;EState_VSA6;0.00185;0.197365;↑ τιμή → High;2D;80.564.017
147;C1SP3;0.001841;0.360095;↑ τιμή → High;2D;80.846.007
148;AATSC6dv;0.001838;-0.042561;μη μονοτονική;2D;81.127.437
149;Xch-6dv;0.001824;0.133452;↑ τιμή → High;2D;81.406.777
150;PEOE_VSA2;0.00182;0.165803;↑ τιμή → High;2D;81.685.457
151;AATS3v;0.001812;0.087838;μη μονοτονική;2D;81.963.011
152;ATS5s;0.001811;-0.676671;↑ τιμή → Low;2D;82.240.392
153;Mor23;0.001788;0.618237;↑ τιμή → High;3D;82.514.254
154;ATSC3d;0.001779;-0.083742;μη μονοτονική;2D;82.786.765
155;GATS3c;0.001758;0.296935;↑ τιμή → High;2D;83.055.931
156;VSA_EState9;0.001757;-0.489034;↑ τιμή → Low;2D;83.324.996
157;AETA_eta;0.001727;-0.628153;↑ τιμή → Low;2D;83.589.434
158;Mor03;0.001715;0.436794;↑ τιμή → High;3D;83.852.151
159;NdssC;0.001704;0.398531;↑ τιμή → High;2D;84.113.119
160;nO;0.001663;-0.48403;↑ τιμή → Low;2D;8.436.777
161;ATSC1s;0.001661;-0.231998;↑ τιμή → Low;2D;84.622.116
162;Kier3;0.001643;-0.543561;↑ τιμή → Low;2D;8.487.367
163;Mor26p;0.001641;0.152631;↑ τιμή → High;3D;85.124.983
164;MATS8dv;0.00163;0.384707;↑ τιμή → High;2D;85.374.618
165;AATSC3s;0.001624;0.153397;↑ τιμή → High;2D;85.623.361
166;AATSC8i;0.001613;-0.358954;↑ τιμή → Low;2D;85.870.454
167;Mor17p;0.001613;0.615465;↑ τιμή → High;3D;86.117.405
168;ATSC1m;0.00161;-0.058524;μη μονοτονική;2D;86.363.893
169;SdO;0.001608;0.188283;↑ τιμή → High;2D;8.661.014
170;GATS8c;0.001583;0.001972;μη μονοτονική;2D;86.852.625
171;Xc-3dv;0.00158;-0.610225;↑ τιμή → Low;2D;87.094.523
172;MATS6c;0.001574;0.218392;↑ τιμή → High;2D;87.335.505
173;SlogP_VSA6;0.001573;-0.407904;↑ τιμή → Low;2D;875.764
174;AATS3s;0.001534;0.381346;↑ τιμή → High;2D;87.811.269
175;Mor10se;0.001504;0.451344;↑ τιμή → High;3D;88.041.668
176;GATS1d;0.001503;0.356198;↑ τιμή → High;2D;88.271.793
177;BCUTZ-1h;0.001502;0.716083;↑ τιμή → High;2D;8.850.181
178;ATSC1p;0.001499;-0.218821;↑ τιμή → Low;2D;88.731.362
179;BCUTv-1l;0.001496;-0.288543;↑ τιμή → Low;2D;88.960.535
180;Mor07m;0.001494;-0.217345;↑ τιμή → Low;3D;89.189.264
181;GATS3v;0.001493;0.378575;↑ τιμή → High;2D;89.417.918
182;ATSC8dv;0.001487;0.344342;↑ τιμή → High;2D;89.645.582
183;ATSC5i;0.00148;0.221769;↑ τιμή → High;2D;89.872.271
184;MDEO-11;0.001462;-0.072805;μη μονοτονική;2D;90.096.186
185;Mor04se;0.001459;0.116389;↑ τιμή → High;3D;90.319.593
186;ATSC1v;0.001453;-0.477122;↑ τιμή → Low;2D;9.054.209
187;BCUTv-1h;0.001441;0.202501;↑ τιμή → High;2D;90.762.744
188;NsNH2;0.001438;0.521268;↑ τιμή → High;2D;90.982.942
189;AATS8s;0.001415;-0.114706;↑ τιμή → Low;2D;91.199.585
190;CIC4;0.00141;0.021369;μη μονοτονική;2D;91.415.481
191;nH;0.001401;-0.427234;↑ τιμή → Low;2D;91.630.102
192;MDEC-11;0.001398;-0.630259;↑ τιμή → Low;2D;91.844.138
193;GATS5p;0.001386;-0.0355;μη μονοτονική;2D;92.056.453
194;MATS3m;0.00138;0.369721;↑ τιμή → High;2D;92.267.802
195;MDEC-13;0.001339;-0.480898;↑ τιμή → Low;2D;92.472.932
196;Mor04m;0.001337;-0.182964;↑ τιμή → Low;3D;92.677.624
197;Mor12m;0.001331;0.393156;↑ τιμή → High;3D;92.881.494
198;GATS2c;0.001327;-0.499191;↑ τιμή → Low;2D;93.084.727
199;Xc-4dv;0.001324;-0.657851;↑ τιμή → Low;2D;9.328.752
200;GATS7v;0.001317;0.272678;↑ τιμή → High;2D;93.489.155
201;n9FARing;0.001298;0.347312;↑ τιμή → High;2D;9.368.794
202;GATS3pe;0.001275;-0.205414;↑ τιμή → Low;2D;93.883.262
203;GATS2p;0.001266;-0.152394;↑ τιμή → Low;2D;94.077.166
204;GATS7c;0.001253;0.08803;μη μονοτονική;2D;94.269.001
205;Mor12p;0.001251;0.39597;↑ τιμή → High;3D;94.460.629
206;MATS4dv;0.001237;-0.303866;↑ τιμή → Low;2D;94.650.139
207;ATSC2p;0.001225;0.055193;μη μονοτονική;2D;94.837.704
208;GATS4m;0.001222;-0.394913;↑ τιμή → Low;2D;95.024.834
209;EState_VSA9;0.001207;0.411854;↑ τιμή → High;2D;95.209.608
210;MATS7Z;0.001187;0.078023;μη μονοτονική;2D;95.391.456
211;ATSC6dv;0.001171;-0.287948;↑ τιμή → Low;2D;9.557.076
212;MATS2c;0.001168;0.503877;↑ τιμή → High;2D;95.749.615
213;BCUTs-1l;0.001152;-0.038549;μη μονοτονική;2D;95.926.031
214;GGI1;0.001131;-0.551689;↑ τιμή → Low;2D;96.099.193
215;AATS0dv;0.001091;0.251471;↑ τιμή → High;2D;96.266.202
216;AATS0p;0.001089;0.279118;↑ τιμή → High;2D;96.433.035
217;PNSA4;0.001088;0.046224;μη μονοτονική;3D;96.599.613
218;GATS7p;0.001086;0.114972;↑ τιμή → High;2D;96.765.989
219;AATSC0v;0.001076;-0.225087;↑ τιμή → Low;2D;96.930.811
220;AATS7d;0.001065;0.103622;↑ τιμή → High;2D;97.093.884
221;AATS1p;0.00105;0.237815;↑ τιμή → High;2D;97.254.633
222;n6Ring;0.001043;-0.307565;↑ τιμή → Low;2D;97.414.345
223;ATSC5s;0.001029;-0.182767;↑ τιμή → Low;2D;9.757.199
224;fragCpx;0.000982;-0.505927;↑ τιμή → Low;2D;9.772.241
225;AATSC6s;0.000967;-0.148847;↑ τιμή → Low;2D;9.787.055
226;AATS2v;0.000961;0.173709;↑ τιμή → High;2D;98.017.673
227;WNSA4;0.000954;0.227388;↑ τιμή → High;3D;98.163.834
228;ATSC3p;0.000919;0.043409;μη μονοτονική;2D;98.304.548
229;SM1_DzZ;0.000914;0.2169;↑ τιμή → High;2D;98.444.463
230;ATSC6i;0.000908;0.28161;↑ τιμή → High;2D;98.583.485
231;RPCS;0.000887;-0.085025;μη μονοτονική;3D;98.719.334
232;MPC10;0.000878;-0.184205;↑ τιμή → Low;2D;98.853.864
233;GATS2v;0.000817;0.17418;↑ τιμή → High;2D;98.978.969
234;AATS4d;0.000794;0.004675;μη μονοτονική;2D;99.100.541
235;ATSC2dv;0.000743;-0.096367;μη μονοτονική;2D;99.214.329
236;GATS3s;0.000743;0.130879;↑ τιμή → High;2D;99.328.047
237;AATSC0d;0.000726;-0.166408;↑ τιμή → Low;2D;99.439.231
238;AATSC8s;0.000726;-0.303842;↑ τιμή → Low;2D;99.550.373
239;AATS6dv;0.00061;0.293624;↑ τιμή → High;2D;99.643.821
240;Mor27v;0.000609;0.369364;↑ τιμή → High;3D;99.737.031
241;GATS7i;0.000604;0.02762;μη μονοτονική;2D;99.829.541
242;ATSC0Z;0.00056;-0.12015;↑ τιμή → Low;2D;99.915.227
243;AATSC5i;0.000554;0.147233;↑ τιμή → High;2D;100.0
