n_hidden,neurons,dropout,ROC-AUC,εποχές (μ.ό.),χρόνος (s)
1,256,0.5,0.7098,7.6,54.8896
2,128,0.35,0.7076,12.8,52.2232
1,128,0.5,0.7073,20.8,73.1978
1,128,0.35,0.7072,15.8,52.3422
2,128,0.5,0.7058,10.6,50.8424
2,256,0.2,0.7051,16.8,81.7586
1,256,0.35,0.704,4.8,71.3546
1,128,0.2,0.7039,11.6,58.498
1,256,0.2,0.7035,7.4,95.1254
1,64,0.2,0.7033,12.8,34.6916
3,256,0.2,0.7026,14.2,91.4877
3,128,0.2,0.7025,14.2,49.2377
2,128,0.2,0.7016,6.8,48.9225
1,64,0.5,0.7009,16.6,35.5029
2,256,0.35,0.7007,10.2,73.601
3,128,0.5,0.7004,8.4,52.4287
2,64,0.35,0.6986,8.0,34.8786
2,64,0.5,0.6984,15.0,35.388
3,128,0.35,0.698,19.6,53.1068
3,256,0.35,0.6969,19.8,83.8918
2,256,0.5,0.6969,26.2,96.0502
1,64,0.35,0.6962,17.2,46.7332
3,64,0.2,0.6904,8.8,58.1106
3,64,0.35,0.6899,10.0,36.1714
2,64,0.2,0.6896,13.2,34.5861
3,64,0.5,0.6889,29.2,45.4319
3,256,0.5,0.6877,10.4,83.9733
