descriptor;en_coef;abs_en_coef;κατεύθυνση;en_rank;catboost_importance;cb_rank
ATSC1se;0.029863856038815306;0.029863856038815306;High ↑;5;0.4467114733605494;31.0
Xc-4dv;-0.027505610028319468;0.027505610028319468;Low ↓;9;0.170495309437129;200.0
WPSA3;-0.023858599177132955;0.023858599177132955;Low ↓;14;0.0;657.0
PPSA4;-0.022614450397228723;0.022614450397228723;Low ↓;17;0.4499650937568307;29.0
MDEO-11;-0.02158287708579259;0.02158287708579259;Low ↓;19;0.344403500392704;63.0
ATSC1are;0.02096508253368068;0.02096508253368068;High ↑;22;0.7179988779933997;7.0
SMR_VSA9;0.02055419894598803;0.02055419894598803;High ↑;23;0.0552415620283394;472.0
WPSA2;-0.020076950036577234;0.020076950036577234;Low ↓;26;0.0095304941255769;617.0
Mor24m;0.019581344831755835;0.019581344831755835;High ↑;30;13.971.063.723.076.800;1.0
ZMIC5;-0.01945861401558687;0.01945861401558687;Low ↓;31;0.3845842026863629;48.0
Xc-6d;-0.019433239665754328;0.019433239665754328;Low ↓;32;0.0336835587222472;541.0
Xc-5dv;-0.018588252210232796;0.018588252210232796;Low ↓;34;0.2288757996474938;138.0
ZMIC3;-0.01826400283727571;0.01826400283727571;Low ↓;35;0.9381275832851532;3.0
ATSC7i;-0.018108661765988153;0.018108661765988153;Low ↓;36;0.2499829435882553;119.0
BCUTpe-1h;0.017350188065580245;0.017350188065580245;High ↑;37;0.2120160646955796;150.0
DPSA4;-0.017068000848046785;0.017068000848046785;Low ↓;39;0.2092881731591551;155.0
AATSC7i;-0.0170397183442976;0.0170397183442976;Low ↓;40;0.1473774064281082;254.0
Mor24se;0.016554812080566483;0.016554812080566483;High ↑;44;0.3932515373566881;45.0
AATSC2m;0.01641513430780038;0.01641513430780038;High ↑;47;0.0838944350088483;396.0
AATSC1m;0.016115834463822643;0.016115834463822643;High ↑;49;;
AATSC0p;-0.016099903205996795;0.016099903205996795;Low ↓;50;0.1447992110715567;265.0
MID_X;0.01573598878943214;0.01573598878943214;High ↑;51;0.5089085024053694;23.0
MATS5p;-0.014894645711170695;0.014894645711170695;Low ↓;55;0.1620392649065795;224.0
CIC4;-0.01458131851862273;0.01458131851862273;Low ↓;57;0.3920117287886387;46.0
AATSC8Z;-0.014481793245209831;0.014481793245209831;Low ↓;59;;
DPSA3;-0.013901622095574377;0.013901622095574377;Low ↓;62;0.2296471653601543;136.0
MATS6are;-0.013833947220024269;0.013833947220024269;Low ↓;63;0.0514743661239548;481.0
PEOE_VSA13;0.013620084246089592;0.013620084246089592;High ↑;65;0.0327903128003226;546.0
VR3_A;-0.013404829229236978;0.013404829229236978;Low ↓;69;0.1437633944958232;268.0
WNSA3;0.013341174247302953;0.013341174247302953;High ↑;72;0.6664920030119026;9.0
Mor21m;0.01258040095698372;0.01258040095698372;High ↑;76;0.4261994686957242;34.0
ZMIC1;-0.012506510945380127;0.012506510945380127;Low ↓;77;0.4118253584704701;37.0
GATS5p;0.011856967755380832;0.011856967755380832;High ↑;79;0.0241203078923606;573.0
ZMIC2;-0.01165945002724647;0.01165945002724647;Low ↓;81;0.2649497578597278;106.0
Mor26p;-0.011606812601077718;0.011606812601077718;Low ↓;82;0.5637075425890631;14.0
GATS7c;-0.011567166324027116;0.011567166324027116;Low ↓;83;0.2167557578906693;144.0
DPSA1;-0.010787994081880074;0.010787994081880074;Low ↓;90;0.2735756493130293;92.0
GATS6Z;0.010504469998759937;0.010504469998759937;High ↑;92;0.1137500183901716;331.0
GATS2m;-0.010305939410549164;0.010305939410549164;Low ↓;97;0.3498488904406605;62.0
SdssC;0.010282597401934924;0.010282597401934924;High ↑;98;0.1616948647126897;225.0
ATSC3p;-0.01024005178027463;0.01024005178027463;Low ↓;100;0.0627382249099591;451.0
SlogP_VSA2;-0.010005303018247027;0.010005303018247027;Low ↓;104;0.3226139383501736;71.0
MATS5i;-0.009777743628243199;0.009777743628243199;Low ↓;109;;
GATS1pe;-0.009621334849549025;0.009621334849549025;Low ↓;112;;
Mor10p;-0.00919090131926889;0.00919090131926889;Low ↓;115;;
BCUTm-1h;0.009048321197359826;0.009048321197359826;High ↑;116;;
MINssCH2;0.008937914586118516;0.008937914586118516;High ↑;118;0.3707237307705866;51.0
Mor27m;0.008707922895952083;0.008707922895952083;High ↑;119;0.1261008588934797;305.0
Mor14m;-0.008601610182517568;0.008601610182517568;Low ↓;121;0.3527716243795218;59.0
GATS1m;-0.00855653851335156;0.00855653851335156;Low ↓;123;0.3499529100077184;61.0
Vabc;-0.008434647688406072;0.008434647688406072;Low ↓;124;;
Mor24p;0.008308039315782197;0.008308039315782197;High ↑;125;0.271337326431686;96.0
WNSA4;0.008225310816852908;0.008225310816852908;High ↑;128;0.090220195498172;388.0
Mor09se;-0.008147512304162035;0.008147512304162035;Low ↓;131;0.3943159545793143;44.0
ATSC4dv;-0.008084096234304838;0.008084096234304838;Low ↓;132;0.0401355842927423;521.0
ATSC3d;-0.007718121373014226;0.007718121373014226;Low ↓;138;0.127323371130915;302.0
FNSA1;0.007715498708935448;0.007715498708935448;High ↑;139;0.1587735512898225;229.0
MATS3p;-0.0076776461262765;0.0076776461262765;Low ↓;141;0.1485574988813417;249.0
VSA_EState2;-0.007587286051577728;0.007587286051577728;Low ↓;142;0.2402991011744493;125.0
MATS1se;0.007578983209215349;0.007578983209215349;High ↑;143;0.0398471198522611;525.0
ATSC0c;-0.007024284310081428;0.007024284310081428;Low ↓;153;0.1574491919152233;232.0
NssssN;-0.00682276937813415;0.00682276937813415;Low ↓;156;0.7589143893956264;6.0
VSA_EState1;0.006487701520094889;0.006487701520094889;High ↑;158;0.0998932813620084;362.0
AATSC1i;0.006291673171962642;0.006291673171962642;High ↑;161;0.417919181048324;35.0
ATSC4c;-0.00624187853327426;0.00624187853327426;Low ↓;162;0.16714405682511;210.0
Mor08;-0.006223827431953953;0.006223827431953953;Low ↓;163;0.2662499087879904;105.0
Mor10m;-0.006151973472915629;0.006151973472915629;Low ↓;166;0.1552353898105395;237.0
GATS7are;-0.006082125085214051;0.006082125085214051;Low ↓;167;;
CIC0;-0.00603612565487338;0.00603612565487338;Low ↓;168;0.1879682624434078;188.0
GeomRadius;-0.0057122417744035585;0.0057122417744035585;Low ↓;170;0.1364281698023447;280.0
GATS6pe;0.0056917798821181954;0.0056917798821181954;High ↑;172;;
Mor23;0.005640225977121907;0.005640225977121907;High ↑;177;0.53598020807774;17.0
SpDiam_A;-0.0055746156040072286;0.0055746156040072286;Low ↓;178;0.0675033336501933;437.0
Mor02;-0.005524423677870431;0.005524423677870431;Low ↓;179;0.0454493124027228;498.0
ATSC4pe;-0.00548289085314795;0.00548289085314795;Low ↓;182;0.3427246237818644;65.0
ATSC1s;0.005470915510054962;0.005470915510054962;High ↑;184;0.2153632124019728;145.0
nHetero;-0.0053684811047112905;0.0053684811047112905;Low ↓;187;;
Xc-3dv;-0.005230335292949558;0.005230335292949558;Low ↓;190;0.3155901897090218;73.0
Mor28p;0.005077985278722234;0.005077985278722234;High ↑;193;0.1496722601295324;245.0
SRW04;-0.005061114206684602;0.005061114206684602;Low ↓;194;0.0;724.0
nCl;0.004991812179156177;0.004991812179156177;High ↑;196;0.0;650.0
nAcid;-0.004925576521891962;0.004925576521891962;Low ↓;197;0.0;725.0
MATS3d;-0.004768757116947578;0.004768757116947578;Low ↓;203;0.130993434802513;290.0
Mor05v;0.004593935758995693;0.004593935758995693;High ↑;208;0.0451936941601111;501.0
mZagreb1;-0.004505382263960776;0.004505382263960776;Low ↓;212;0.0734439476675121;425.0
GATS4s;0.004436170835275206;0.004436170835275206;High ↑;216;0.2823655606186885;86.0
fMF;0.004366486303552411;0.004366486303552411;High ↑;218;0.0330135835159097;545.0
GATS1p;-0.00410736025278313;0.00410736025278313;Low ↓;221;0.2944483845896855;82.0
RPCS;-0.0039015557077248376;0.0039015557077248376;Low ↓;228;0.1649307738321179;215.0
ATSC5d;-0.003794751682216704;0.003794751682216704;Low ↓;230;0.7641677768882094;5.0
MATS1p;0.0037659921131965516;0.0037659921131965516;High ↑;231;0.056875001315608;470.0
GATS2d;-0.003736345789024181;0.003736345789024181;Low ↓;232;0.1703327824723579;201.0
MINssssN;-0.003693314657902485;0.003693314657902485;Low ↓;234;0.2326856167075404;134.0
BCUTdv-1l;-0.003597932070658006;0.003597932070658006;Low ↓;238;0.1117999493233523;336.0
EState_VSA2;-0.0034054892385278392;0.0034054892385278392;Low ↓;244;0.2057888101534643;158.0
TPSA;-0.0033226756160645906;0.0033226756160645906;Low ↓;246;0.459991798403964;27.0
EState_VSA4;-0.003238142371737793;0.003238142371737793;Low ↓;249;0.1280943204771436;298.0
VSA_EState5;0.003206966305687283;0.003206966305687283;High ↑;252;0.1651857480794975;214.0
ATSC8c;-0.002832387903379051;0.002832387903379051;Low ↓;261;0.2675487995974707;103.0
ATSC5s;0.002804164859852256;0.002804164859852256;High ↑;262;0.1415132190993919;269.0
ATS5s;-0.0027714312777876874;0.0027714312777876874;Low ↓;263;0.0222589439043369;581.0
ATSC3c;-0.0025361505378892735;0.0025361505378892735;Low ↓;268;0.2720551782036598;95.0
MATS4d;-0.002508406386588857;0.002508406386588857;Low ↓;270;0.1957093854194619;176.0
MATS4dv;-0.002175224544300211;0.002175224544300211;Low ↓;277;0.163843714496024;219.0
SMR_VSA6;-0.0021401649557055424;0.0021401649557055424;Low ↓;278;0.0252115974993335;570.0
GATS8d;-0.002064310261857548;0.002064310261857548;Low ↓;280;0.0399217942520596;523.0
Zagreb2;-0.002023926772875161;0.002023926772875161;Low ↓;281;;
MDEO-12;-0.001968930525433509;0.001968930525433509;Low ↓;282;0.4281575910904089;33.0
Mor08m;0.0017545418537261899;0.0017545418537261899;High ↑;286;0.2129728229951822;149.0
MINsssCH;0.0016821607981112317;0.0016821607981112317;High ↑;287;0.0106312913289334;614.0
BCUTv-1l;0.0015484626848243014;0.0015484626848243014;High ↑;291;0.3335122997138759;67.0
AATS8d;-0.001535515003832436;0.001535515003832436;Low ↓;292;0.0289466514794608;559.0
GGI3;-0.0014545327439850467;0.0014545327439850467;Low ↓;296;0.2265504099304735;141.0
MATS1s;-0.0013825568679057471;0.0013825568679057471;Low ↓;299;0.1726195564453239;198.0
Mor12se;0.0012613783856299373;0.0012613783856299373;High ↑;301;;
nO;-0.0012279706120218435;0.0012279706120218435;Low ↓;303;0.1444292537985525;266.0
SM1_Dzv;0.0011754739107987567;0.0011754739107987567;High ↑;304;0.2663289327354899;104.0
MATS2s;0.0011121251922684345;0.0011121251922684345;High ↑;306;0.0596359241027791;461.0
Mor30m;-0.001088289369642127;0.001088289369642127;Low ↓;308;0.0085174566155584;620.0
Xp-4dv;-0.0010558136969099237;0.0010558136969099237;Low ↓;309;0.0688238893112265;434.0
AATSC4m;0.0010244981533589468;0.0010244981533589468;High ↑;312;;
Mor31;-0.000970358572020862;0.000970358572020862;Low ↓;313;0.0648475277502304;443.0
SM1_DzZ;-0.0008702363161522624;0.0008702363161522624;Low ↓;316;0.1689832274338297;205.0
TASA;-0.0008693470792466076;0.0008693470792466076;Low ↓;317;0.0763653996233839;416.0
MATS2c;0.0007580362470706747;0.0007580362470706747;High ↑;320;0.2214927038621605;143.0
GGI10;-0.0007467919961431267;0.0007467919961431267;Low ↓;321;;
AATSC1v;0.000745828018456421;0.000745828018456421;High ↑;322;0.1896151305685181;184.0
Xc-5d;-0.0004727795526215981;0.0004727795526215981;Low ↓;328;0.0534980174737077;476.0
PNSA4;0.0002971210560491889;0.0002971210560491889;High ↑;333;0.1527121893535478;240.0
SdsN;6,19E+10;6,19E+10;High ↑;343;0.015256859882848;602.0
Xch-7d;-3,49E+09;3,49E+09;Low ↓;346;0.0784448504112417;411.0
