descriptor,coef
MINsCl,0.07174575982153114
EState_VSA8,-0.04559984365489697
Xc-4dv,-0.045378195349368745
ATSC1se,0.03895801679214238
SsssCH,0.03639315045350964
SsNH2,0.03421253439881528
SdsssP,0.03270848341497762
PEOE_VSA1,-0.03156709533621512
AATSC7m,0.03126775559803327
Mor21m,0.03015194058614536
SddssS,-0.0297012500284392
AATSC1m,0.028411268479004236
SMR_VSA4,0.028170907484516013
MATS8c,0.026898457896837268
AATSC0p,-0.02512995632808248
Xc-5dv,-0.025004279927367746
C2SP3,-0.024947107302656635
Mor27se,0.02466972030995545
AATSC8Z,-0.02426165511102434
nBase,-0.02357283279239928
SaaaC,-0.023475495940284277
AATSC7s,-0.023285183303068956
MATS3d,-0.022333762543010945
VSA_EState9,-0.022323254783644424
ATSC1are,0.021854318148681683
MAXaaCH,-0.021622759388344806
MDEO-11,-0.02129694391443409
Xc-6d,-0.0211403195893577
MATS6v,-0.021128220322563118
WPSA3,-0.020990777403840845
MATS8dv,0.02020702520283102
MATS3c,-0.020147040101204796
PPSA3,-0.020085397278520614
ATSC0p,-0.020040705889307883
MDEO-12,-0.019594928812081223
ATSC3c,-0.019281008128489863
EState_VSA6,0.019001049396071605
ATSC8v,0.01888410776758848
MATS6Z,-0.01831443415324605
AATSC6s,0.017875398713446258
PEOE_VSA4,0.01774385918905336
SlogP_VSA4,0.017653184901794808
MATS8d,0.017552508068830852
VR3_A,-0.017290658694548707
PEOE_VSA5,0.01698576237151639
AATSC2m,0.016946251609305244
BCUTi-1l,0.016633512051406743
C3SP3,0.016588557288317644
ATSC8p,0.016515468694052203
WPSA2,-0.016167019667876738
SpMAD_Dt,-0.015924869384074974
FPSA2,-0.01582123152592609
ATSC7i,-0.015759891959223844
ATSC3d,-0.015721053075927884
VR2_A,0.015663111152215168
Mor24m,0.015477004584397902
MOMI-Z,-0.014901779987470484
GATS2pe,-0.014573620867159718
GATS1pe,-0.014528486963986672
MATS1se,0.014430986759144858
ZMIC3,-0.014293959016503342
nHBDon,-0.014209399982075653
Mor08m,0.014113919450602093
AATSC1s,0.014071910825555551
Mor21v,0.013818239842643512
GATS6Z,0.013718204885700446
AATSC8i,-0.013622058594993318
SpDiam_A,-0.013459515099410749
PEOE_VSA12,0.013401064178029538
VSA_EState1,0.013385572044614272
GATS2c,-0.01329099423097876
SRW10,-0.013149528739849916
NaaaC,-0.01311339778483727
NssO,0.012878088495205211
AATSC4s,0.012863683749325856
ATS3s,-0.01279920193300548
ATSC6i,0.012783902417212414
MID_X,0.0124029313726292
SpMAD_Dzi,-0.012399373241967568
PEOE_VSA13,0.012289899298933524
ATSC7p,-0.012212564246376062
Xpc-4dv,-0.012208385960301068
WNSA3,0.01212043270321842
SRW04,-0.012106797955460163
Mor24se,0.012047550380240898
CIC0,-0.011738778888008264
SMR_VSA5,-0.011587613722252246
MATS2c,0.011512555989384396
AATSC6dv,-0.01151223060151744
GATS2m,-0.01143319372263567
ZMIC1,-0.011393859798922986
nRot,-0.011261481681148794
Mor03,0.01117444186842448
MATS2are,0.011169925080291665
Xc-3dv,-0.011164851673764992
MATS7se,-0.011080709089603671
Vabc,-0.010964551681845442
bpol,-0.010930280625228932
ATSC5pe,0.01079747331928308
AATSC0m,0.010782212941269128
AETA_eta_R,-0.010750886748749798
Mor12se,0.010665866774480472
AATSC5s,-0.010605520468413083
ATSC3i,-0.010434828744679672
DPSA3,-0.010403117457366605
AATSC7i,-0.010302338680945412
MDEC-12,-0.01027958356616951
naRing,-0.010275808921838507
Mor05v,0.010218616630740258
Xp-2dv,-0.010092559172584522
Mor30m,-0.010057174132619959
ATSC8dv,0.010053467494946622
ATSC6v,0.009908000812641793
GATS4dv,0.009698977723549876
ATSC6se,-0.009680598702477746
GATS3d,0.00967599960925052
MDEC-13,0.00956690737841437
Mor30p,-0.00951927653170603
SpMAD_Dzp,-0.009498817035396996
AATSC4i,0.009477827150817507
VSA_EState5,-0.009423319087124918
GATS8i,0.009375373997956253
ATSC8d,0.009351578718172366
MINsF,0.009335895881151302
nAcid,-0.009210095505007688
GATS1m,-0.009147389461585288
ATSC1m,0.009142992944081395
Mor27m,0.00913504194475089
MATS1c,-0.009088968364726972
GATS8d,-0.008988331187467958
Xp-7dv,-0.008900902851032264
AATS8s,-0.00887513752846644
AATSC3i,-0.008775461432018433
PPSA4,-0.008769498829711429
GATS8dv,-0.008751991297964251
n6ARing,0.008696269946824254
nHBAcc,-0.00859637341482198
ATSC6p,0.008567655854004586
DPSA4,-0.008542875768843126
VSA_EState2,-0.008529733154259266
BCUTs-1l,-0.008438418951453653
Mor16m,0.008416934913985492
WNSA4,0.008404444963805376
WPSA1,-0.008266540684264969
ATSC4s,0.008263081877682325
Kier3,-0.008238504521056678
GGI1,-0.008233962651869861
mZagreb1,-0.008218816946136099
ATSC8s,-0.008210558578659311
nG12FHRing,-0.008166860887587219
Mor08v,0.008144958065551804
IC2,-0.008103489445882402
Mor16,-0.007906753138899407
NsOH,-0.007855102817879883
SlogP_VSA2,-0.007794654425481464
SdNH,-0.0076166873652186206
EState_VSA4,-0.007521284331101841
Mor29,0.007476688762112461
ATSC5c,0.007445423666598965
ATSC8c,0.0074345378923874675
SpDiam_Dt,-0.007413439286869277
EState_VSA2,-0.007400224758921699
ATSC7v,-0.007329108510259301
Mor27v,0.007325694940422231
ATSC5s,0.0072710136976775214
GATS3m,-0.007232934843448706
Mor03p,0.007232289438037049
AATSC2i,-0.007190693208300674
SlogP_VSA7,0.007046892455635401
BCUTm-1h,0.006986839956836999
MATS6are,-0.006976926607753626
MATS2i,-0.006885186832368383
AATS7m,0.006877919106326554
MDEC-11,0.006873823061512062
ATSC3p,-0.006650609336077854
GGI6,-0.006634244980849224
nG12FRing,-0.006523728062598663
Xch-7dv,-0.0065118189666885885
GATS7dv,-0.0064700938943782135
ATSC5dv,0.006467871472213399
Mor28,-0.006467443405128296
Mor22m,-0.006438373128223503
fMF,0.006410027503378876
GATS4i,-0.006323356091579863
ATSC4i,0.006307712978752747
AMID_N,0.006303593558250736
EState_VSA3,0.006291310335147561
ATSC2Z,0.006230421502025963
PEOE_VSA9,-0.006209278690493864
ZMIC2,-0.00608094812835726
GATS8p,0.006025013147737245
Mor24p,0.006011520049021697
ZMIC5,-0.006005598968474054
SdS,-0.005993737542432863
AATSC3s,0.0059890632425815445
BCUTp-1l,0.005954953685805741
SlogP_VSA5,-0.005943500821141891
EState_VSA1,0.005771356941544128
MDEC-22,-0.005763884527245995
AATSC0i,0.005752184577069944
GhoseFilter,0.005724139532806868
AATSC1i,0.005694009799822106
MATS4dv,-0.0056827059537039645
Mor26m,-0.005611397246128009
ATS2s,-0.00559045205266039
ATSC8m,0.0055113482808167935
Xpc-6dv,-0.005467569456219585
EState_VSA9,0.005461945065704287
AATS4m,-0.005451811502928977
Zagreb2,-0.005438900701559233
SlogP_VSA3,-0.005405502613996931
ATSC5p,-0.005398705354643116
Mor04m,0.005348263835442182
MDEC-23,-0.005328334926737042
ATSC7dv,0.0053147571648216214
MATS3p,-0.005305722923218566
MPC6,-0.005303184214617851
ATSC4v,-0.0052696621521039315
Mor28m,0.005250491601124539
Mor22se,-0.0052198496778329915
MPC10,-0.005214601550698666
AETA_eta,-0.00520903276220854
ATSC8se,-0.005206928444781278
MATS5d,-0.005176527945726567
MATS7s,-0.005174692152796651
AATSC8s,-0.005120743478381051
GATS2d,-0.005108853602940072
AATS6i,-0.005104668964136132
Mor14m,-0.005005609895511932
AMID_O,-0.004993138876398013
Mor12p,0.004978193901337629
IC5,-0.004975901084420249
VSA_EState3,-0.004953610964521194
Xch-7d,-0.004952290793881866
piPC3,-0.0049443798606145
ATSC7s,-0.004938030673685177
AATS2s,-0.004843904103992777
ATSC4Z,-0.004833151318030767
Mor12m,0.004825760923893132
PEOE_VSA3,0.004817935368001853
ATSC6d,0.004793747026557682
AATS6v,0.004773915361707756
AATS2se,-0.004752656317817846
ATSC4p,0.004741400586780424
NssssN,-0.004705490345958758
TopoPSA,-0.0046726026128976585
ATSC3dv,-0.004672214612820645
GATS3p,0.004663342658426305
MATS8se,-0.004644212997434608
AATS3s,-0.004635284534229204
GATS8m,0.004634644195942553
PNSA4,0.0046016864700928264
AATSC4m,-0.004601591049185482
AATS6d,0.004587935656008855
ATSC4dv,-0.004582494300525961
SaasC,-0.0045822447825028525
n4Ring,-0.004564820228831873
GATS4p,-0.004523984752265652
SlogP_VSA1,0.004399578890836
AATSC3m,0.004387133488174955
AATS7s,-0.00437894313134315
nAromBond,-0.004378745248722517
GATS5d,0.0043553949812035015
PEOE_VSA11,-0.00434699710218223
AATSC6i,-0.004338705563123407
Mor08p,0.004290600226500297
AATSC0d,-0.004288588707525089
ATSC0c,-0.004261836657603738
MAXssO,-0.004252883329442627
SMR_VSA2,0.004177456892006657
GATS6p,0.004158891423957833
Mor30,-0.004129987412538712
GATS3s,0.00407406739765841
AATS0p,-0.004066340914863039
Mor09se,-0.004052201378511966
NssNH,-0.004051202545618475
MATS1pe,0.004050312429387884
BCUTdv-1l,0.004045555391659049
GATS3pe,-0.004042798020688299
SsCH3,-0.004038875850500174
MATS6p,-0.00403009868221531
n10FHRing,0.004028864115586637
BCUTv-1l,-0.004011816182458809
ATSC1s,0.004008579583662207
Mor25m,0.00400824544224997
nBridgehead,0.003969074718468619
GGI10,-0.003961973338381024
Mor22p,-0.003936797896456309
n9FARing,0.003927313912878751
GATS5s,-0.003920233381928902
nARing,0.0039052013813949734
n6HRing,0.003873182086006431
TopoShapeIndex,-0.003863310306688142
Mor17,0.0038572460165629645
nFRing,-0.003849471733071575
Mor17v,0.0038425039274405863
CIC4,-0.0038407517043501215
Mor04p,0.0038386919894729758
AATSC4v,-0.0038098424335552632
ATSC7Z,-0.0037950093040630744
GATS4d,0.0037740678353837295
GATS5Z,-0.0037681116555683767
n5ARing,0.0037592502896092394
NdssC,0.0037215325413641723
SdsN,0.0036841895990072293
GGI2,-0.003682025276171525
NssS,-0.0036762531868837177
GATS8se,0.003675127220811957
MAXaasC,-0.0036706840279963197
n6aRing,-0.0036509275729455296
ATSC6Z,-0.0036414638971977793
GATS6i,-0.003641088059297448
piPC5,-0.003636149795513818
MATS3Z,0.0036242885361690035
GATS7i,0.003610224130076808
MINssssN,-0.003605629852900803
MATS6d,-0.0035952433836953174
AATS7v,0.003594047686426565
AATS6p,0.0035744104066804546
Mor17m,0.0035694865031096336
GATS8c,-0.0035631262588139362
GATS5dv,-0.003555085221632522
ATSC3v,-0.003539613544513509
Mor02m,0.0035332017044562057
Mor05m,0.0035130354721925397
Mor26p,-0.0035005269816753095
ATSC5m,0.0034880895235016524
ATSC0Z,0.0034555896508063973
Mor10m,-0.003431687301395059
MATS5se,-0.0034310680226284805
GATS4s,0.0034300659636199975
SMR_VSA3,-0.0034029182714663325
GATS7p,0.0034013787081556422
GATS7m,0.0033958483500616844
AATS3Z,-0.0033863339150375484
Mor06v,-0.003381729526788631
ATSC0i,-0.003377529357101036
Mor19m,0.0033716540701673892
Mor04se,0.003360178164890831
ATSC3s,0.003351487703342065
GATS1d,-0.0033124494703601084
GATS7are,0.0032961261882430877
StCH,-0.0032924441604512402
nF,0.003256795804817285
MIC0,0.0032523571784947346
MATS6s,0.0032229464669495536
GATS4m,-0.003210872880625294
AATS8dv,-0.0031929455084807627
AATSC1dv,0.003190596272117627
BertzCT,-0.0031878659985455243
AATS5s,-0.0031788024847325094
GATS6pe,0.00317592351845906
PEOE_VSA6,-0.003150058606515545
GATS1c,0.0031495900948259724
MATS6c,0.003144394938413742
GATS5v,-0.003121267586028824
Mor09m,-0.0031006832119649277
AATS7d,0.0030973525923057295
CIC1,-0.0030770783974071966
AATS7p,0.00307539225509945
nBondsD,0.003067813642134249
MATS3pe,0.0030596152854405127
Mor15m,0.003056598573779985
RotRatio,-0.00304306706361026
MATS2p,-0.0030330642741428038
MOMI-X,0.0030177350358580467
C4SP3,0.0030070892838716477
n5AHRing,0.0029853291986734727
AATS6s,0.0029838123036174287
Mor07se,0.0029576566298384365
SMR_VSA6,0.002949568372246864
ATS5s,-0.0029427295706405967
Mor13m,-0.0029329752460684542
ATSC1v,-0.002924664926763924
ATSC3se,-0.0029176635374251023
GGI5,0.002867217804832079
AATS3se,-0.002853534442779906
GATS6v,0.002831420611777793
BCUTpe-1h,-0.002803907554281574
MINsssCH,0.002797630999257958
ATSC8i,0.0027843808272141907
Mor02,-0.002775346721166321
MATS3dv,-0.00277158985577217
WNSA1,-0.0027662662165588996
BCUTd-1h,-0.002764169112180185
Xc-4d,-0.002734976538382353
MATS4p,0.0027340843246014043
ATSC2dv,-0.0027167614022378145
AATS6m,0.0026885249464516678
n10FaHRing,0.0026773657321816483
GATS1i,-0.0026629522531673466
PBF,-0.002634741128109025
GATS3dv,0.002612324292160567
MATS2dv,-0.0026042802473993766
ATSC1p,-0.002588069620861515
SsSH,-0.0025524270014934845
Mor06p,-0.0025452750745494856
MATS4c,0.002529355281967923
Mor03m,-0.0024987271643331544
GATS7v,-0.002496105813762694
AATSC8v,0.002493942802055374
AATS6pe,0.0024866512272821786
ATSC6dv,-0.0024779805194985903
Mor32m,0.0024484966580407817
ETA_eta_B,-0.002439092581283197
ATSC6s,0.0024384895296145474
Mor21se,0.0024326620050278674
MATS2v,-0.002403861991984948
AATSC5Z,-0.0023871302092317876
EState_VSA10,-0.0023769120705871517
NssssC,0.0023743206580266836
Lipinski,0.0023585871290873078
BCUTs-1h,0.0023571287788611457
MATS7c,-0.002325854904554688
n7HRing,-0.002316509857567844
n9FRing,0.002298738892673597
GATS1dv,-0.0022908057558587826
AATS5v,0.002287552295211137
GATS3c,0.0022853086784727816
Mor23,0.0022798467287969437
n9FAHRing,0.0022563664069918127
MATS1dv,-0.0022418070478857606
Mor13,-0.002227949825464462
piPC8,-0.0022195130445371953
n6aHRing,0.002212718972098231
Radius,-0.0021991612733820456
MATS4s,0.0021901792325816818
Mor29m,-0.002186718470062208
C2SP1,-0.0021864726338766205
SlogP_VSA10,0.002183530519230075
MATS7Z,-0.0021828687232025843
Mor31p,-0.0021804066927587633
Mor31,-0.002163402995031702
EState_VSA7,-0.002162768077645486
nFHRing,-0.0021522316784194557
VSA_EState6,-0.0021326758050224997
Mor25v,0.0021315914646801745
AATS8are,-0.002130031546238778
Mor11m,0.002105045861052638
AATSC2s,-0.002092779996398555
IC0,0.002081801902916034
AATS3p,-0.0020777181640807595
AATS5d,0.0020768612678738686
Mor31m,-0.0020719160210296043
GATS5c,0.0020446400483295417
MATS8s,-0.00203469752596749
ETA_eta_F,-0.00203348900295704
GATS6d,0.002023217150079265
Mor08,0.002003253135853629
MATS8p,-0.0020003062819556093
AATS6dv,0.0019703321381174346
GATS7s,0.0019694749648658974
MINssCH2,0.001955069779123105
EState_VSA5,-0.0019400719986470381
SdssS,-0.0019346370527654876
ATSC2s,-0.0019294398532667637
SLogP,0.0019287824063635112
nFAHRing,-0.001914817444518444
C1SP3,0.0019080565151442326
FCSP3,-0.001907999086773586
AATS2i,-0.0019068837713716068
MATS7d,-0.0019058714154995442
GATS5p,0.0019028016156610649
Mor06m,-0.0018940730703303
TASA,-0.001884089897868888
MATS7p,-0.0018802463369331172
AATS5se,-0.0018742995598355953
Mor18m,-0.0018713358782523083
VSA_EState8,0.0018627962106585727
NaaCH,-0.0018478418414421694
ATSC0pe,0.0018476189657828978
MATS3v,-0.0018364242784026509
Mor32,0.0018255991933638783
GATS4are,0.001823050678161927
AATS4i,0.0017988685867233207
GATS2i,0.0017960629221165504
ATSC2i,-0.0017945591833314234
SRW09,0.0017652956354949644
PEOE_VSA2,0.0017571264761329832
ATSC7d,0.001754031545662813
ATSC5i,-0.001753168332581931
Mor32p,0.0017512603455695688
n5Ring,0.0017470748464174578
Xp-4dv,-0.0017389646432348347
AETA_beta_ns,0.001734617646515052
BalabanJ,-0.001728931945822771
DPSA1,-0.0017145085553172494
MATS2d,-0.0017100466811150686
ATSC6c,-0.001697301852991123
VSA_EState4,-0.0016906346765553015
n7FRing,-0.0016645442567293544
ATS0s,-0.0016341070121696005
ETA_eta_FL,-0.0016322863802647922
Mor15,-0.0016273320475643487
nG12FaRing,-0.001627321253796007
nCl,0.0016119071334913491
MATS8Z,0.0016051819137642216
n6Ring,0.001604686230154668
GATS1s,-0.0015928772009664804
Mor11,0.0015710871304849788
nAHRing,-0.0015686361708478762
nG12Ring,0.0015622149416137658
Xch-5d,-0.0015532784777999673
C3SP2,-0.0015517845489557956
GATS1p,-0.0015414448971081114
Mor26,-0.001533967339442129
Mor23p,0.0015278625584933996
MATS4m,-0.0015171087509341424
AATSC6m,-0.001515196236746969
n5aRing,-0.0015133225447212448
GATS6s,-0.0015091445238931097
AATS7i,-0.001504463034223711
GeomRadius,-0.0014651018763129143
n7FHRing,-0.0014578250859862156
Mor20m,-0.0014495091374136268
ATSC1d,-0.0014442816948234312
MATS4d,-0.001436855441665782
ATSC2c,-0.0014286142999245862
TPSA,-0.0014280707555345223
nN,-0.0014156247026524027
AATS3i,0.0014129327931856558
nBr,0.0014121706974159769
Mor18p,0.0014050796701014661
GATS8v,0.0013939289293871074
piPC10,-0.0013935651238418565
AATS5p,0.001386663468279027
GATS8s,0.0013863267576570033
GATS6c,0.0013732353808998648
ATSC1i,0.0013607251789364155
C1SP2,-0.001320008302834715
n5HRing,0.0013180543347690778
C2SP2,-0.0013074234114823155
AATS5i,-0.0013043911117820383
Mor07v,0.0012948118694036197
GATS6dv,0.0012829326295861827
Mor20,-0.0012733795818631658
SsssN,0.0012689975075511166
ATSC1dv,-0.0012576727271597563
MATS2s,0.0012527613870784167
n3Ring,0.0012374616733164213
GATS7d,0.0012245919782826475
AATSC0dv,0.0012240149206255478
SlogP_VSA8,-0.001222444177586673
AATS4p,-0.0012083291256988302
MDEC-33,-0.0011951571602478279
n7Ring,-0.001194273110364743
n10FRing,0.0011733225787015423
RNCS,-0.0011622609556388793
GATS4v,0.001141744342566032
AATS3v,-0.001122605764447971
AATS1are,-0.0011164582558094026
Mor06,-0.0011130343922186427
n6AHRing,0.0011129389086453785
MATS1p,0.0011120280569331179
SaaN,-0.0011118254965076849
GATS2v,0.0011006703934115236
ATSC3m,-0.0010766586390702755
AATS0i,0.0010647016431271847
MATS5v,0.0010605228470832975
NaaNH,0.0010385963555005768
AATS3dv,-0.00102427344936159
SssCH2,0.0010229546226922185
Mor10,-0.0010122974780301314
ATSC2d,-0.0010116756536021454
BCUTdv-1h,-0.0010068654065260945
AATS2dv,-0.0010029965327895947
Mor20v,-0.0009961456779874458
AATS7dv,0.000993714080858786
CIC2,0.0009878846309505744
n10FAHRing,0.0009780638185408834
SMR_VSA7,-0.0009773216689229688
AATS8i,-0.0009760202820631144
GATS5i,0.00097469548266147
AATS4d,0.0009718731231774135
SdssC,0.0009614920202296517
AATS5Z,-0.0009471395356660778
Xch-6dv,0.0009447244421632963
nO,-0.0009316555207304671
n10FARing,0.0009250921503335235
FilterItLogS,0.0009235091837614094
ATS8s,-0.0009230523584848495
n9FaRing,-0.0009046614209901384
CIC3,-0.0008915070426621127
Mor25,-0.0008898035716720463
MATS5p,-0.0008825362431017025
RASA,0.0008809272826294369
Mor07m,0.0008584485839250604
ATSC4c,0.0008520608631010991
nRing,0.0008516242662500547
NaaO,-0.0008467997866926197
MATS5c,-0.0008455664226476872
Mor10p,-0.0008452420115997603
PNSA1,-0.0008381096336419417
GGI4,0.0008355113373354817
AATS8p,0.0008276051667301226
Mor02p,0.0008267712868366083
NdsCH,-0.0008209791918715497
AATS0pe,-0.0008009007900329991
nBondsKD,-0.0007899870041782955
AATS2p,-0.0007857032967223701
nHetero,-0.0007849548848563369
NtsC,-0.000772730441871162
nS,-0.0007638570894265861
Mor29v,-0.0007563322822948924
Mor16v,-0.0007558305689727108
Mor28p,-0.0007417299631095868
MATS7v,-0.0007317900835455642
NaasN,-0.000731256853671105
GATS7c,0.000729547267676416
ATSC4d,-0.000717464618557209
GATS2dv,-0.0006895160865100236
AATS8m,0.0006891899943679893
NaaS,-0.000684525763358229
ATSC4pe,0.0006827431640714261
NtN,0.0006739975355476483
AATS8v,0.0006672183690598885
Mor14se,-0.0006452398991365116
Mor18se,-0.000637292630744073
AATS3d,0.0006248476629972092
ATSC7c,-0.0006231167136379412
ATSC5v,-0.0006167930698002607
Mm,-0.0006096899931963775
ETA_beta_ns_d,0.000601565655853688
Mor15p,-0.0005915450725198292
AATS1Z,-0.0005868908017692683
MATS5s,-0.0005862953622557576
ATSC7pe,0.0005837654401036362
AATSC1v,0.0005798989102420383
ATS7m,0.0005720071806906493
AATS2d,-0.0005624243135583461
VE1_A,-0.0005400518005815732
GATS2p,-0.0005358897327860817
GGI3,-0.0005340070004598885
ATSC1c,0.0005107471829653497
AETA_eta_F,-0.0005005573916118851
SdO,0.0004957353804790812
AATS1s,-0.0004846374217074246
Mor11v,0.00047992178395172197
SsI,-0.0004795795006923992
FNSA1,0.0004782970691705279
Mor19p,0.0004667305772706541
naHRing,0.00046267764355742105
fragCpx,-0.00045524430975640883
SMR_VSA9,-0.00044677020572414224
nSpiro,0.00044134643300012687
ATS0dv,-0.00044014080424522895
PEOE_VSA10,-0.0004362498310086778
NaasC,-0.000422134605446977
SlogP_VSA6,-0.0004217912934399618
Xc-5d,-0.00041994784418818637
ATSC2p,-0.0004146308220147102
AATS7are,0.0003935466678932409
PEOE_VSA8,-0.0003925280609467551
nFARing,0.0003911518341069676
Mor11p,-0.00038979873235829197
SlogP_VSA11,-0.00038362782025712036
NsssCH,-0.00038070652333211405
Mor13v,0.00037706695061575865
AATS0v,0.00037383557807689667
BCUTp-1h,-0.0003556174784981037
GATS3i,0.0003482591975164585
AATS4s,0.0003403829685836554
AATSC0s,-0.00033061572891539536
C1SP1,0.0003151502261716637
AATS5dv,0.00030386200253364876
PEOE_VSA7,0.000301947247425375
n8FRing,0.0002934493628547071
GATS4c,0.00028337734548583457
TSRW10,0.00027873254140756495
VSA_EState7,-0.00027764505561317485
AATS8d,-0.0002691542506144759
NssCH2,-0.0002663981068021239
AATSC7dv,0.00026310518122226237
NdCH2,0.0002609449249641943
MINaasC,-0.0002555209132122075
MATS1d,-0.00025533531222621437
Mor23m,-0.00025090872213969634
AMID_C,0.0002484430602695631
GATS2s,0.00024133127375999334
GATS1v,-0.00023160344066624022
MATS3se,-0.00022888274216335166
n11FRing,0.0002246876389437844
AATS4dv,-0.0002018572266926701
SddsN,0.00020050022013959665
NddsN,-0.00018679097995933324
nHRing,-0.00018208870834961845
AATS1p,-0.00016959704122747386
MAXssCH2,0.00016736945007059993
MATS1s,0.00016197636971215795
MIC5,-0.00015913359294391662
AATS0d,-0.00015595593340526881
RPCS,0.00014856414646252427
AATS1i,-0.00014038710167686082
ATSC2pe,-0.00013697867530971763
IC1,-0.00011342616244248354
MATS5m,0.00010260847580206466
ATSC5d,-9.065357148158407e-05
SM1_Dzv,-8.704145536914697e-05
BCUTi-1h,7.110052909453237e-05
MIC1,-7.089762954186175e-05
AATS4se,-6.829832065538724e-05
ATS0Z,-6.55922530793747e-05
nBondsT,-6.431268099249101e-05
AATS1dv,-6.395000667993683e-05
Mor09p,-6.355232380006877e-05
Xch-6d,6.178255218018565e-05
MATS4pe,5.247442132442228e-05
Mor13p,-4.2410340804231883e-05
SssssC,3.75509569322004e-05
MATS5dv,3.566591719856253e-05
GATS5se,-3.474402427185072e-05
SM1_DzZ,3.248544664082511e-05
nFaHRing,3.2162372706938806e-05
ETA_dBeta,3.0989121868915164e-05
GATS3v,-2.5954771458295462e-05
AATSC0v,-2.0769785561024305e-05
AATS4v,-1.4405344857881108e-05
ATSC2v,-8.785833789410246e-06
n10FaRing,4.441217657065698e-06
AATS2v,1.9353922238947565e-06
MATS5i,1.1532295535728418e-06
