descriptor,ομάδα,en_coef
AATS3s,κοινός,-0.00109487875826194
AATS7s,κοινός,-0.0009362157992446342
AATS8s,κοινός,-0.005704093948232008
AATSC0d,κοινός,-0.00034777351559704835
AATSC1s,κοινός,0.013529563694590227
AATSC2i,κοινός,-0.00286530992848881
AATSC3s,κοινός,0.0012619296975323868
AATSC4s,κοινός,0.006979579779371405
AATSC6dv,κοινός,-0.009411753983121978
AATSC6s,κοινός,0.018334277129562558
AATSC7i,κοινός,-0.006573655345422094
AATSC8i,κοινός,-0.009709956418417992
AATSC8s,κοινός,-0.003458063027400482
AETA_eta,κοινός,-0.004442357476278041
ATS0s,κοινός,-0.00223523163441146
ATS1dv,κοινός,-0.0029972284323909757
ATS5s,κοινός,-0.003435664149023606
ATSC0c,κοινός,-0.004541694057086577
ATSC0d,κοινός,-0.007385578070420119
ATSC1are,κοινός,0.01722366357469065
ATSC1d,κοινός,-0.0005057925316636714
ATSC1m,κοινός,0.005000959574096384
ATSC1s,κοινός,0.003162061658435963
ATSC1se,κοινός,0.029978742214764712
ATSC3c,κοινός,-0.01713266729378309
ATSC3d,κοινός,-0.012240519519759347
ATSC3p,κοινός,-0.0009945784602583905
ATSC5s,κοινός,0.0004253548776408191
ATSC6i,κοινός,0.010846353667286413
ATSC7v,κοινός,-0.0032903052073486095
ATSC8c,κοινός,0.005427950117394314
ATSC8dv,κοινός,0.00868373527461095
ATSC8p,κοινός,0.012948085356703972
ATSC8v,κοινός,0.015521092612942862
BCUTZ-1h,κοινός,0.0065217733894156575
BCUTdv-1h,κοινός,-0.0011182080151113055
BCUTi-1h,κοινός,0.0007087809444417047
BCUTi-1l,κοινός,0.013640365717848695
BCUTp-1l,κοινός,0.00020402297278386078
BCUTs-1l,κοινός,-0.002575178287638618
BCUTv-1l,κοινός,-0.00333608847551782
CIC0,κοινός,-0.008556113774744594
CIC4,κοινός,-0.0026518298039444185
DPSA1,κοινός,-0.0012751890792534846
DPSA3,κοινός,-0.01038567823141076
EState_VSA6,κοινός,0.019321756926796625
EState_VSA8,κοινός,-0.03332969955009802
EState_VSA9,κοινός,0.004377229077033423
ETA_eta_B,κοινός,-0.002159768846200777
FPSA2,κοινός,-0.010902414753415262
GATS1are,κοινός,-0.009899670637690369
GATS1m,κοινός,-0.010513277368291395
GATS1se,κοινός,-0.014755245439308477
GATS2c,κοινός,-0.01227496746949167
GATS2d,κοινός,-0.002740082994644123
GATS2m,κοινός,-0.011117241761054057
GATS4dv,κοινός,0.008746857821413186
GATS6Z,κοινός,0.012253802263886658
GATS7p,κοινός,0.0003647384453760331
GATS8c,κοινός,-0.0011452552238061778
GATS8d,κοινός,-0.007897215061233713
GATS8i,κοινός,0.0021268408940786424
GGI1,κοινός,-0.006547447226810415
GGI9,κοινός,-0.0006315744064572885
GeomRadius,κοινός,-0.00045780670135937075
Kier3,κοινός,-0.0073718404162432275
MATS1c,κοινός,-0.007762179063600358
MATS2c,κοινός,0.00995512115815567
MATS3d,κοινός,-0.016673722894285686
MATS4dv,κοινός,-0.0040897500927822026
MATS6d,κοινός,-0.0008903178486229863
MATS6v,κοινός,-0.01708056978357965
MATS7s,κοινός,-0.006810468672783233
MATS7se,κοινός,-0.01078237173514391
MATS8dv,κοινός,0.01678541710928802
MAXssO,κοινός,-5.499254370973363e-05
MDEC-11,κοινός,0.0027010451932881195
MDEC-12,κοινός,-0.010053916594542052
MDEC-13,κοινός,0.0024372295832088774
MDEO-11,κοινός,-0.020365190031903038
MDEO-12,κοινός,-0.01786080832410544
MIC0,κοινός,0.0019494478524861025
MID_X,κοινός,0.014635443018786312
MPC10,κοινός,-0.0017396857692372552
Mor03,κοινός,0.008982744995532777
Mor03p,κοινός,0.0061044450113820585
Mor04m,κοινός,0.0017114283596661834
Mor05m,κοινός,0.0023547460393798856
Mor05se,κοινός,0.014094753028910716
Mor05v,κοινός,0.00783937583321828
Mor08p,κοινός,0.0029569035009932455
Mor10m,κοινός,-0.00400797125644406
Mor12,κοινός,0.008855082297495988
Mor12m,κοινός,0.00034217213851585614
Mor12p,κοινός,0.0038443585167633877
Mor16,κοινός,-0.006355838185894629
Mor17p,κοινός,0.003905623221108082
Mor21m,κοινός,0.02235955097554946
Mor21v,κοινός,0.011479275950751796
Mor24m,κοινός,0.01555485105768002
Mor24se,κοινός,0.008845027996491558
Mor26p,κοινός,-0.0036224367125851547
Mor27m,κοινός,0.00955982357732074
Mor27v,κοινός,0.005843162494579344
Mor30,κοινός,-0.0021965051237325542
Mor30p,κοινός,-0.009313881802064612
NaaaC,κοινός,-0.009865405815616008
NsNH2,κοινός,0.0009356429476842412
PEOE_VSA1,κοινός,-0.02261019300905605
PEOE_VSA9,κοινός,-0.0052427681679458014
PNSA4,κοινός,0.003368287614157754
PPSA1,κοινός,-0.0055912272156284255
PPSA3,κοινός,-0.014882981562251435
PPSA4,κοινός,-0.007749200084315598
SMR_VSA4,κοινός,0.029425500676902788
SMR_VSA5,κοινός,-0.009787820608083387
SaasC,κοινός,-0.002107128225565401
SdssC,κοινός,0.0003076037290608205
SlogP_VSA2,κοινός,-0.007835255918280265
SlogP_VSA3,κοινός,-0.006215921940332728
SlogP_VSA4,κοινός,0.017696020502476824
SsCH3,κοινός,-0.0020358444870951773
SsOH,κοινός,-0.009668811494981014
TPSA,κοινός,-6.65474296293494e-05
TopoPSA,κοινός,-0.005274688012984709
VSA_EState3,κοινός,-0.00649949994768475
VSA_EState5,κοινός,-0.0026880909574472076
VSA_EState9,κοινός,-0.016608492031155588
WNSA4,κοινός,0.009000274543297365
WPSA2,κοινός,-0.0050496098703699775
Xc-3dv,κοινός,-0.01077970728099477
Xc-4dv,κοινός,-0.034657271623792486
Xc-5dv,κοινός,-0.0211319540027343
Xch-7d,κοινός,-0.0032923060201616137
Xpc-6dv,κοινός,-0.004740753879129557
ZMIC1,κοινός,-0.009350191664693298
ZMIC2,κοινός,-0.005273019142507793
fMF,κοινός,0.0035777796879349613
fragCpx,κοινός,-0.00019256668976080346
mZagreb1,κοινός,-0.006733765369246144
nG12FHRing,κοινός,-0.007926617106693224
nH,κοινός,-0.007997896863563544
nHBDon,κοινός,-0.012921428665081407
nO,κοινός,-0.0027924365775939776
AATS6v,μόνο ElasticNet,0.0008439656983557706
AATS7Z,μόνο ElasticNet,0.006499977683044856
AATSC0i,μόνο ElasticNet,0.006165694714615121
AATSC0p,μόνο ElasticNet,-0.020391149788527466
AATSC1Z,μόνο ElasticNet,0.027532503740499443
AATSC1i,μόνο ElasticNet,0.00273921882700618
AATSC2m,μόνο ElasticNet,0.01184141631033212
AATSC3i,μόνο ElasticNet,-0.008307414729099813
AATSC5s,μόνο ElasticNet,-0.0035355539936641
AATSC7m,μόνο ElasticNet,0.026351797688803587
AATSC7s,μόνο ElasticNet,-0.019638576368969433
AATSC8m,μόνο ElasticNet,-0.02502414413822483
AMID_N,μόνο ElasticNet,0.006022879480927179
AMID_O,μόνο ElasticNet,-0.005197124487460954
ATS2s,μόνο ElasticNet,-0.005669892767499086
ATS3dv,μόνο ElasticNet,-0.0014517406086172451
ATS3s,μόνο ElasticNet,-0.009379578857738217
ATS4m,μόνο ElasticNet,-0.002208405034174703
ATS6i,μόνο ElasticNet,-0.00011462336534203999
ATS8p,μόνο ElasticNet,-0.0015396109348163882
ATSC0i,μόνο ElasticNet,-0.0028172974702552183
ATSC0p,μόνο ElasticNet,-0.01426585380067996
ATSC3i,μόνο ElasticNet,-0.00931213470204303
ATSC4i,μόνο ElasticNet,0.0015230927435585476
ATSC4p,μόνο ElasticNet,0.0007173566787954932
ATSC4s,μόνο ElasticNet,0.001616431668341265
ATSC5c,μόνο ElasticNet,0.0018351035804692452
ATSC5dv,μόνο ElasticNet,0.002765403835462729
ATSC5p,μόνο ElasticNet,-0.0006972019780570102
ATSC5pe,μόνο ElasticNet,0.008679397201594573
ATSC6are,μόνο ElasticNet,-0.004498600854976215
ATSC6p,μόνο ElasticNet,0.004610266029936475
ATSC6v,μόνο ElasticNet,0.00453037046008813
ATSC7dv,μόνο ElasticNet,0.0004080342455083887
ATSC7i,μόνο ElasticNet,-0.011089962455790985
ATSC7p,μόνο ElasticNet,-0.00893937457288669
ATSC8Z,μόνο ElasticNet,0.0017759725097868002
ATSC8d,μόνο ElasticNet,0.0062115396135365795
ATSC8s,μόνο ElasticNet,-0.004629012096592431
ATSC8se,μόνο ElasticNet,-0.000525907435392228
BertzCT,μόνο ElasticNet,-0.0034688844805525233
C2SP3,μόνο ElasticNet,-0.01740866645396746
C3SP3,μόνο ElasticNet,0.016717175091194504
CIC1,μόνο ElasticNet,-0.0030617420329046518
DPSA4,μόνο ElasticNet,-0.008882184952534672
EState_VSA10,μόνο ElasticNet,-0.003290190947815858
EState_VSA2,μόνο ElasticNet,-0.004305718043411885
EState_VSA3,μόνο ElasticNet,0.002785872969134602
EState_VSA4,μόνο ElasticNet,-0.0062264296004477275
ETA_eta_F,μόνο ElasticNet,-0.0027065085452505438
ETA_eta_FL,μόνο ElasticNet,-0.0006486346026094335
GATS1c,μόνο ElasticNet,0.0005307408744479652
GATS2pe,μόνο ElasticNet,-0.013785358148599373
GATS3d,μόνο ElasticNet,0.005435908768693651
GATS3m,μόνο ElasticNet,-0.00874341590359927
GATS4i,μόνο ElasticNet,-0.0006870208616405115
GATS4p,μόνο ElasticNet,-1.867718059934531e-05
GATS5d,μόνο ElasticNet,0.0003691028656307308
GATS5m,μόνο ElasticNet,-0.00023558730631390387
GATS6p,μόνο ElasticNet,1.3950384805190398e-05
GATS7dv,μόνο ElasticNet,-0.0010823430057763325
GATS7m,μόνο ElasticNet,0.00024313844763806475
GATS7se,μόνο ElasticNet,0.0010587242424165276
GATS8dv,μόνο ElasticNet,-0.008575515757410253
GATS8m,μόνο ElasticNet,0.001396815020112023
GATS8p,μόνο ElasticNet,0.0011556855132996541
GGI2,μόνο ElasticNet,-0.003119795677935564
GGI3,μόνο ElasticNet,-0.00018160287266570272
GGI6,μόνο ElasticNet,-0.004709947854206207
GhoseFilter,μόνο ElasticNet,0.004386821291055902
IC2,μόνο ElasticNet,-0.006299551744103004
IC5,μόνο ElasticNet,-0.003347252489832141
Kier2,μόνο ElasticNet,-0.005974833904617078
MATS1se,μόνο ElasticNet,0.01356517979315369
MATS2are,μόνο ElasticNet,0.00964393035717244
MATS2i,μόνο ElasticNet,-0.0027176460585706685
MATS3c,μόνο ElasticNet,-0.018429087450054334
MATS3p,μόνο ElasticNet,-0.0019149028214622522
MATS4i,μόνο ElasticNet,0.00012627202929265026
MATS5d,μόνο ElasticNet,-0.003334088918820034
MATS6Z,μόνο ElasticNet,-0.016233747370314824
MATS6are,μόνο ElasticNet,-0.0006642194440267637
MATS6p,μόνο ElasticNet,-0.00022469222038402686
MATS7c,μόνο ElasticNet,-6.70832815622252e-05
MATS8c,μόνο ElasticNet,0.02415525505008047
MATS8d,μόνο ElasticNet,0.013186587740229556
MAXsF,μόνο ElasticNet,0.010997663880777254
MDEC-22,μόνο ElasticNet,-0.003252347587567656
MDEC-23,μόνο ElasticNet,-0.005413534873790279
MINaaCH,μόνο ElasticNet,-0.008652078859198388
MINsCl,μόνο ElasticNet,0.057690706940990946
MINsssCH,μόνο ElasticNet,0.0031184087284016125
MOMI-Z,μόνο ElasticNet,-0.010121233264816235
MPC3,μόνο ElasticNet,-0.003716616091617378
MPC6,μόνο ElasticNet,-0.004300565655928361
Mor01,μόνο ElasticNet,-0.003675783487378015
Mor02,μόνο ElasticNet,-0.00268010070780635
Mor06v,μόνο ElasticNet,-0.0004492300197575836
Mor08m,μόνο ElasticNet,0.011019468672638763
Mor08v,μόνο ElasticNet,0.006891027286472481
Mor14m,μόνο ElasticNet,-0.002919751161530265
Mor16m,μόνο ElasticNet,0.006661337300104669
Mor17m,μόνο ElasticNet,0.002298813782288482
Mor21se,μόνο ElasticNet,0.0026184623508489465
Mor22m,μόνο ElasticNet,-0.005625113983302604
Mor22se,μόνο ElasticNet,-0.0004368010334894626
Mor22v,μόνο ElasticNet,-0.0014975040559466403
Mor24p,μόνο ElasticNet,0.004045802489729553
Mor26m,μόνο ElasticNet,-0.004713931067982703
Mor27se,μόνο ElasticNet,0.022950175552808316
Mor28m,μόνο ElasticNet,0.0035893513252355774
Mor29,μόνο ElasticNet,0.005928439851750442
Mor30m,μόνο ElasticNet,-0.011178605760749626
Mor31,μόνο ElasticNet,-0.0018763684740349608
Mor31p,μόνο ElasticNet,-0.0017922034200287006
Mor32m,μόνο ElasticNet,0.0004476461888364583
NssO,μόνο ElasticNet,0.008087308803944765
PBF,μόνο ElasticNet,-0.0014470950728701858
PEOE_VSA11,μόνο ElasticNet,-0.0030224711229885374
PEOE_VSA12,μόνο ElasticNet,0.013792592148771193
PEOE_VSA13,μόνο ElasticNet,0.010819089411659835
PEOE_VSA3,μόνο ElasticNet,0.0002343237855737973
PEOE_VSA4,μόνο ElasticNet,0.015605799201713693
PEOE_VSA5,μόνο ElasticNet,0.013671524963877291
Radius,μόνο ElasticNet,-0.002042584803047598
SRW04,μόνο ElasticNet,-0.008858834161959346
SRW10,μόνο ElasticNet,-0.010413282790725625
SaaaC,μόνο ElasticNet,-0.021129066355484578
SdS,μόνο ElasticNet,-0.0014380495708830637
SddssS,μόνο ElasticNet,-0.0251539451834739
SdsN,μόνο ElasticNet,0.00017924035883244526
SdsssP,μόνο ElasticNet,0.026210876961037525
SlogP_VSA1,μόνο ElasticNet,0.0001696997676044477
SlogP_VSA5,μόνο ElasticNet,-0.004565684775505981
SlogP_VSA7,μόνο ElasticNet,0.012513699481696627
SpDiam_A,μόνο ElasticNet,-0.011964268361349457
SpMAD_Dt,μόνο ElasticNet,-0.012372828765108455
SpMAD_Dzare,μόνο ElasticNet,-0.01023605031375425
SpMAD_Dzp,μόνο ElasticNet,-0.00805157071276764
SpMax_Dt,μόνο ElasticNet,-0.006622301891759241
SsBr,μόνο ElasticNet,0.0054953204029538774
SsssCH,μόνο ElasticNet,0.020970489882258317
SssssC,μόνο ElasticNet,0.0013465881315639042
VR1_A,μόνο ElasticNet,0.008699475846723067
VR3_A,μόνο ElasticNet,-0.013172602379058478
VSA_EState1,μόνο ElasticNet,0.013165797077607845
VSA_EState2,μόνο ElasticNet,-0.008102848327928715
WNSA1,μόνο ElasticNet,-0.00310857041188742
WNSA3,μόνο ElasticNet,0.010899409275055309
WPSA3,μόνο ElasticNet,-0.014148646384185903
Xc-5d,μόνο ElasticNet,-0.0001570393221284046
Xc-6d,μόνο ElasticNet,-0.018294067657764035
Xch-7dv,μόνο ElasticNet,-0.0029367193409902243
Xp-4dv,μόνο ElasticNet,-0.0022784209017679036
Xp-7dv,μόνο ElasticNet,-0.006205299121726742
Xpc-4dv,μόνο ElasticNet,-0.010704565088836049
ZMIC0,μόνο ElasticNet,-0.011581669757142699
ZMIC3,μόνο ElasticNet,-0.011955263568045256
ZMIC5,μόνο ElasticNet,-0.004963620427476372
bpol,μόνο ElasticNet,-0.008302792141916744
n6ARing,μόνο ElasticNet,0.004680873253858871
n6aRing,μόνο ElasticNet,-0.0007488928738580606
nAHRing,μόνο ElasticNet,-0.00039736592272399536
nAcid,μόνο ElasticNet,-0.007733367335690565
nAromBond,μόνο ElasticNet,-0.0009413487426576602
nBase,μόνο ElasticNet,-0.017170241844786705
nCl,μόνο ElasticNet,0.0010363574905141357
nFRing,μόνο ElasticNet,-0.002776521552411725
nG12FRing,μόνο ElasticNet,-0.005083469127032527
nHBAcc,μόνο ElasticNet,-0.008928594616722945
nRot,μόνο ElasticNet,-0.009506975973987702
naRing,μόνο ElasticNet,-0.01038259021575981
piPC3,μόνο ElasticNet,-0.004370688942662513
piPC5,μόνο ElasticNet,-0.0004917579929175569
AATS0dv,μόνο MI ∩ CatBoost,0.0
AATS0p,μόνο MI ∩ CatBoost,0.0
AATS1p,μόνο MI ∩ CatBoost,0.0
AATS2v,μόνο MI ∩ CatBoost,0.0
AATS3v,μόνο MI ∩ CatBoost,0.0
AATS4d,μόνο MI ∩ CatBoost,0.0
AATS4i,μόνο MI ∩ CatBoost,0.0
AATS4p,μόνο MI ∩ CatBoost,0.0
AATS4pe,μόνο MI ∩ CatBoost,0.0
AATS6dv,μόνο MI ∩ CatBoost,0.0
AATS7d,μόνο MI ∩ CatBoost,0.0
AATS7v,μόνο MI ∩ CatBoost,0.0
AATSC0v,μόνο MI ∩ CatBoost,0.0
AATSC2s,μόνο MI ∩ CatBoost,0.0
AATSC3v,μόνο MI ∩ CatBoost,0.0
AATSC4Z,μόνο MI ∩ CatBoost,0.0
AATSC5i,μόνο MI ∩ CatBoost,0.0
AMID_C,μόνο MI ∩ CatBoost,0.0
ATSC0Z,μόνο MI ∩ CatBoost,0.0
ATSC0pe,μόνο MI ∩ CatBoost,0.0
ATSC1c,μόνο MI ∩ CatBoost,0.0
ATSC1dv,μόνο MI ∩ CatBoost,0.0
ATSC1p,μόνο MI ∩ CatBoost,0.0
ATSC1v,μόνο MI ∩ CatBoost,0.0
ATSC2are,μόνο MI ∩ CatBoost,0.0
ATSC2dv,μόνο MI ∩ CatBoost,0.0
ATSC2p,μόνο MI ∩ CatBoost,0.0
ATSC3v,μόνο MI ∩ CatBoost,0.0
ATSC4v,μόνο MI ∩ CatBoost,0.0
ATSC5i,μόνο MI ∩ CatBoost,0.0
ATSC6dv,μόνο MI ∩ CatBoost,0.0
BCUTd-1h,μόνο MI ∩ CatBoost,0.0
BCUTv-1h,μόνο MI ∩ CatBoost,0.0
C1SP2,μόνο MI ∩ CatBoost,0.0
C1SP3,μόνο MI ∩ CatBoost,0.0
EState_VSA1,μόνο MI ∩ CatBoost,0.0
EState_VSA5,μόνο MI ∩ CatBoost,0.0
GATS1d,μόνο MI ∩ CatBoost,0.0
GATS1s,μόνο MI ∩ CatBoost,0.0
GATS2p,μόνο MI ∩ CatBoost,0.0
GATS2s,μόνο MI ∩ CatBoost,0.0
GATS2v,μόνο MI ∩ CatBoost,0.0
GATS3c,μόνο MI ∩ CatBoost,0.0
GATS3pe,μόνο MI ∩ CatBoost,0.0
GATS3s,μόνο MI ∩ CatBoost,0.0
GATS3v,μόνο MI ∩ CatBoost,0.0
GATS4m,μόνο MI ∩ CatBoost,0.0
GATS4pe,μόνο MI ∩ CatBoost,0.0
GATS5p,μόνο MI ∩ CatBoost,0.0
GATS5s,μόνο MI ∩ CatBoost,0.0
GATS5v,μόνο MI ∩ CatBoost,0.0
GATS6i,μόνο MI ∩ CatBoost,0.0
GATS7c,μόνο MI ∩ CatBoost,0.0
GATS7i,μόνο MI ∩ CatBoost,0.0
GATS7v,μόνο MI ∩ CatBoost,0.0
GATS8are,μόνο MI ∩ CatBoost,0.0
MATS1dv,μόνο MI ∩ CatBoost,0.0
MATS1p,μόνο MI ∩ CatBoost,0.0
MATS1pe,μόνο MI ∩ CatBoost,0.0
MATS1s,μόνο MI ∩ CatBoost,0.0
MATS3m,μόνο MI ∩ CatBoost,0.0
MATS3se,μόνο MI ∩ CatBoost,0.0
MATS4d,μόνο MI ∩ CatBoost,0.0
MATS6c,μόνο MI ∩ CatBoost,0.0
MATS7Z,μόνο MI ∩ CatBoost,0.0
MATS7d,μόνο MI ∩ CatBoost,0.0
MIC1,μόνο MI ∩ CatBoost,0.0
MID_N,μόνο MI ∩ CatBoost,0.0
Mor04p,μόνο MI ∩ CatBoost,0.0
Mor04se,μόνο MI ∩ CatBoost,0.0
Mor07m,μόνο MI ∩ CatBoost,0.0
Mor09p,μόνο MI ∩ CatBoost,0.0
Mor10se,μόνο MI ∩ CatBoost,0.0
Mor10v,μόνο MI ∩ CatBoost,0.0
Mor11,μόνο MI ∩ CatBoost,0.0
Mor11v,μόνο MI ∩ CatBoost,0.0
Mor15,μόνο MI ∩ CatBoost,0.0
Mor20,μόνο MI ∩ CatBoost,0.0
Mor20m,μόνο MI ∩ CatBoost,0.0
Mor23,μόνο MI ∩ CatBoost,0.0
NdssC,μόνο MI ∩ CatBoost,0.0
NssssN,μόνο MI ∩ CatBoost,0.0
PEOE_VSA10,μόνο MI ∩ CatBoost,0.0
PEOE_VSA2,μόνο MI ∩ CatBoost,0.0
PEOE_VSA6,μόνο MI ∩ CatBoost,0.0
PEOE_VSA7,μόνο MI ∩ CatBoost,0.0
RASA,μόνο MI ∩ CatBoost,0.0
RNCS,μόνο MI ∩ CatBoost,0.0
RPCS,μόνο MI ∩ CatBoost,0.0
SM1_DzZ,μόνο MI ∩ CatBoost,0.0
SM1_Dzv,μόνο MI ∩ CatBoost,0.0
SMR_VSA6,μόνο MI ∩ CatBoost,0.0
SaaCH,μόνο MI ∩ CatBoost,0.0
SdO,μόνο MI ∩ CatBoost,0.0
SlogP_VSA6,μόνο MI ∩ CatBoost,0.0
Xch-6d,μόνο MI ∩ CatBoost,0.0
Xch-6dv,μόνο MI ∩ CatBoost,0.0
n6Ring,μόνο MI ∩ CatBoost,0.0
n9FARing,μόνο MI ∩ CatBoost,0.0
